id,Country,Actor1,Actor2,Actor3,Genre1,Genre2,Genre3,Plot,Poster,Runtime,Title,imdbRating,totalSeasons
0,USA,RamiMalek,ChristianSlater,CarlyChaikin,Crime,Drama,Thriller,Elliot; a brilliant but highly unstable young cyber-security engineer and vigilante hacker; becomes a key figure in a complex game of global dominance when he and his shadowy allies try to take down the corrupt corporation he works for.,https://m.media-amazon.com/images/M/MV5BMzgxMmQxZjQtNDdmMC00MjRlLTk1MDEtZDcwNTdmOTg0YzA2XkEyXkFqcGdeQXVyMzQ2MDI5NjU@._V1_SX300.jpg,49,Mr. Robot,8.5,4
1,UK,CillianMurphy,PaulAnderson,HelenMcCrory,Crime,Drama,,"A gangster family epic set in 1919 Birmingham; England, centered on a gang who sew razor blades in the peaks of their caps; and their fierce boss Tommy Shelby.",https://m.media-amazon.com/images/M/MV5BMTkzNjEzMDEzMF5BMl5BanBnXkFtZTgwMDI0MjE4MjE@._V1_SX300.jpg,60,Peaky Blinders,8.8,5
2,Germany; USA,KarolineEichhorn,LouisHofmann,J√∂rdisTriebel,Crime,Drama,Mystery,A family saga with a supernatural twist; set in a German town; where the disappearance of two young children exposes the relationships among four families.,https://m.media-amazon.com/images/M/MV5BMmIyZjA3NGUtYjlhNS00ZDlkLWI0MDgtMDc2YWNjNGMwYWZhXkEyXkFqcGdeQXVyMzY0MTE3NzU@._V1_SX300.jpg,60,Dark,8.7,3
3,USA,BryanCranston,AnnaGunn,AaronPaul,Crime,Drama,Thriller,A high school chemistry teacher diagnosed with inoperable lung cancer turns to manufacturing and selling methamphetamine in order to secure his family's future.,https://m.media-amazon.com/images/M/MV5BMjhiMzgxZTctNDc1Ni00OTIxLTlhMTYtZTA3ZWFkODRkNmE2XkEyXkFqcGdeQXVyNzkwMjQ5NzM@._V1_SX300.jpg,49,Breaking Bad,9.5,5
4,USA; UK,PeterDinklage,LenaHeadey,EmiliaClarke,Action,Adventure,Drama,Nine noble families fight for control over the mythical lands of Westeros; while an ancient enemy returns after being dormant for thousands of years.,https://m.media-amazon.com/images/M/MV5BMjA5NzA5NjMwNl5BMl5BanBnXkFtZTgwNjg2OTk2NzM@._V1_SX300.jpg,57,Game of Thrones,9.5,8
5,USA,NormanReedus,MelissaMcBride,DanaiGurira,Drama,Horror,Thriller,Sheriff Deputy Rick Grimes wakes up from a coma to learn the world is in ruins; and must lead a group of survivors to stay alive.,https://m.media-amazon.com/images/M/MV5BYTUwOTM3ZGUtMDZiNy00M2I3LWI1ZWEtYzhhNGMyZjI3MjBmXkEyXkFqcGdeQXVyMTkxNjUyNQ@@._V1_SX300.jpg,44,The Walking Dead,8.2,11
6,USA,MatthewMcConaughey,ColinFarrell,MahershalaAli,Crime,Drama,Mystery,Seasonal anthology series in which police investigations unearth the personal and professional secrets of those involved; both within and outside the law.,https://m.media-amazon.com/images/M/MV5BMTUwMGM2ZmYtZGEyZC00OWQyLWI2Y2QtMTdjYzMxZGJmNjhjXkEyXkFqcGdeQXVyNjU2ODM5MjU@._V1_SX300.jpg,55,True Detective,9,3
7,USA,JasonMomoa,SylviaHoeks,HeraHilmar,Action,Drama,Sci-Fi,Far in a dystopian future; the human race has lost the sense of sight; and society has had to find new ways to interact; build; hunt; and to survive. All of that is challenged when a set of twins is born with sight.,https://m.media-amazon.com/images/M/MV5BYWI2ZmM5ZTgtOTgxYS00MTQ4LThkMjQtZjBlNGM3NjQ5YTI5XkEyXkFqcGdeQXVyMDM2NDM2MQ@@._V1_SX300.jpg,60,See,7.6,1
8,USA,DanCastellaneta,NancyCartwright,HarryShearer,Animation,Comedy,,The satiric adventures of a working-class family in the misfit city of Springfield.,https://m.media-amazon.com/images/M/MV5BYjFkMTlkYWUtZWFhNy00M2FmLThiOTYtYTRiYjVlZWYxNmJkXkEyXkFqcGdeQXVyNTAyODkwOQ@@._V1_SX300.jpg,22,The Simpsons,8.7,31
9,USA,BobOdenkirk,JonathanBanks,RheaSeehorn,Crime,Drama,,The trials and tribulations of criminal lawyer Jimmy McGill in the time before he established his strip-mall law office in Albuquerque; New Mexico.,https://m.media-amazon.com/images/M/MV5BMGE4YzY4NGEtOWYyYS00ZDk2LWExMmMtZDIyODhiMmNlMGE0XkEyXkFqcGdeQXVyMTkxNjUyNQ@@._V1_SX300.jpg,46,Better Call Saul,8.7,6
10,USA,EvanRachelWood,JeffreyWright,EdHarris,Drama,Mystery,Sci-Fi,Set at the intersection of the near future and the reimagined past; explore a world in which every human appetite can be indulged without consequence.,https://m.media-amazon.com/images/M/MV5BYjQwODU3ZDgtNmNmNC00YWRmLTk0MmYtYTdhYzY0M2I0Mzk1XkEyXkFqcGdeQXVyMTkxNjUyNQ@@._V1_SX300.jpg,62,Westworld,8.7,3
11,USA,FreddieHighmore,NicholasGonzalez,AntoniaThomas,Drama,,,Shaun Murphy; a young surgeon with autism and Savant syndrome; is recruited into the surgical unit of a prestigious hospital.,https://m.media-amazon.com/images/M/MV5BMmUyNTQwYjItMzc5Ny00MDg4LWIxMTMtNDBmNjQ0MmIwNjNmXkEyXkFqcGdeQXVyMTkxNjUyNQ@@._V1_SX300.jpg,41,The Good Doctor,8.2,3
12,Ireland; Canada,KatherynWinnick,GustafSkarsg√•rd,AlexanderLudwig,Action,Adventure,Drama,Vikings transports us to the brutal and mysterious world of Ragnar Lothbrok; a Viking warrior and farmer who yearns to explore - and raid - the distant shores across the ocean.,https://m.media-amazon.com/images/M/MV5BNjIzZjljZmQtOGNiYi00YmY2LWE1MGYtN2VlMmEyZDBlMzRmXkEyXkFqcGdeQXVyMTkxNjUyNQ@@._V1_SX300.jpg,44,Vikings,8.6,6
13,USA,PennBadgley,AmbyrChilders,VictoriaPedretti,Crime,Drama,Romance,A dangerously charming; intensely obsessive young man goes to extreme measures to insert himself into the lives of those he is transfixed by.,https://m.media-amazon.com/images/M/MV5BZDJjOTg4OWYtYWIyOS00MjQ3LTg5ZDktYzU2N2RkNmYzNjZlXkEyXkFqcGdeQXVyMzQ2MDI5NjU@._V1_SX300.jpg,45,You,7.8,2
14,UK; USA,DafneKeen,KitConnor,AmirWilson,Adventure,Drama,Family,A young girl is destined to liberate her world from the grip of the Magisterium which represses people's ties to magic and their animal spirits known as daemons.,https://m.media-amazon.com/images/M/MV5BN2RjNWQzNTQtMmY4Yi00Yzk5LWFiODItY2EyZjBmNjZmYmI2XkEyXkFqcGdeQXVyMTkxNjUyNQ@@._V1_SX300.jpg,60,His Dark Materials,8,1
15,USA,GabrielChavarria,DerekLuke,HannahEmilyAnderson,Action,Drama,Horror,Set in an altered United States; several unrelated people discover how far they will go to survive a night where all crime is legal for 12 hours.,https://m.media-amazon.com/images/M/MV5BMjk1YWE0OWYtMzYwMi00MGZhLTkyMGMtMzU1YjRlZjE1OWQyXkEyXkFqcGdeQXVyMTQxNzMzNDI@._V1_SX300.jpg,42,The Purge,6.4,2
16,USA; Poland,HenryCavill,FreyaAllan,AnyaChalotra,Action,Adventure,Drama,Geralt of Rivia; a solitary monster hunter; struggles to find his place in a world where people often prove more wicked than beasts.,https://m.media-amazon.com/images/M/MV5BOGE4MmVjMDgtMzIzYy00NjEwLWJlODMtMDI1MGY2ZDlhMzE2XkEyXkFqcGdeQXVyMzY0MTE3NzU@._V1_SX300.jpg,60,The Witcher,8.3,2
17,USA,ReeseWitherspoon,NicoleKidman,ShaileneWoodley,Crime,Drama,Mystery,The apparently perfect lives of upper-class mothers; at a prestigious elementary school; unravel to the point of murder when a single-mother moves to their quaint Californian beach town.,https://m.media-amazon.com/images/M/MV5BZmNjYzdjN2ItOTBlNy00Mjc0LWE4YmMtYTQ4ZjQzNTMyNDc4XkEyXkFqcGdeQXVyMTkxNjUyNQ@@._V1_SX300.jpg,60,Big Little Lies,8.5,2
18,USA,DominicWest,JohnDoman,DeirdreLovejoy,Crime,Drama,Thriller,The Baltimore drug scene; as seen through the eyes of drug dealers and law enforcement.,https://m.media-amazon.com/images/M/MV5BZmY5ZDMxODEtNWIwOS00NjdkLTkyMjktNWRjMDhmYjJjN2RmXkEyXkFqcGdeQXVyNTA4NzY1MzY@._V1_SX300.jpg,59,The Wire,9.3,5
19,USA,PeterKrause,MichaelC.Hall,FrancesConroy,Comedy,Drama,,A chronicle of the lives of a dysfunctional family who run an independent funeral home in Los Angeles.,https://m.media-amazon.com/images/M/MV5BMTQzODk5N2UtYjE4ZC00YWM1LWJkMGYtYmY2NjNjMjIzZDRmXkEyXkFqcGdeQXVyNTE1NjY5Mg@@._V1_SX300.jpg,55,Six Feet Under,8.7,5
20,USA,BillPaxton,JeanneTripplehorn,Chlo√´Sevigny,Drama,,,A polygamist and his relationship with his three wives.,https://m.media-amazon.com/images/M/MV5BMTkxMjEzNTE0Ml5BMl5BanBnXkFtZTcwNTM3MDAzNA@@._V1_SX300.jpg,60,Big Love,7.5,5
21,USA,SteveBuscemi,KellyMacdonald,MichaelShannon,Crime,Drama,History,An Atlantic City politician plays both sides of the law by conspiring with gangsters during the Prohibition era.,https://m.media-amazon.com/images/M/MV5BYTYxNzc5ZmYtODcyNi00ZWUwLWExNWUtY2Y0YTlhZDBlMGU1XkEyXkFqcGdeQXVyNzQ1ODk3MTQ@._V1_SX300.jpg,55,Boardwalk Empire,8.5,5
22,USA,TimRobbins,HollyHunter,DanielZovatto,Comedy,Drama,Fantasy,A dark dramedy about a progressive Portlandian family made up of husband; wife; three adopted children from Liberia; Vietnam and Colombia and one biological daughter who find their sanity tested and values challenged in 2018 America.,https://m.media-amazon.com/images/M/MV5BMTk2NDIwOTg4M15BMl5BanBnXkFtZTgwOTAxMzc1NDM@._V1_SX300.jpg,60,Here and Now,6.8,1
23,USA,GabrielByrne,,,Drama,,,A psychotherapist questions his abilities and gets help by reuniting with his old therapist; whom he has not seen for ten years.,https://m.media-amazon.com/images/M/MV5BNjM4NzMzMDI1NF5BMl5BanBnXkFtZTcwOTE2MTMwNA@@._V1_SX300.jpg,25,In Treatment,8.3,3
24,USA,RebeccaDeMornay,GreysonFletcher,WillieGarson,Drama,,,In Imperial Beach; California; the dysfunctional Yost family intersects with two new arrivals to the community: a dim-but-wealthy surfing enthusiast and man spurned by the Yosts years ago.,https://m.media-amazon.com/images/M/MV5BMTMyNTM2MDYyMF5BMl5BanBnXkFtZTcwOTg4NDA1MQ@@._V1_SX300.jpg,55,John from Cincinnati,7.1,1
25,UK,ClaesBang,DollyWells,MorfyddClark,Drama,Horror,,In 1897 Transylvania; the blood-drinking Count draws his plans against Victorian London.,https://m.media-amazon.com/images/M/MV5BNTBmNzM4ZGMtMTE3OC00Mjc4LWE3OGEtYzA3ZmQ1MGJkNjMyXkEyXkFqcGdeQXVyNDk3ODk4OQ@@._V1_SX300.jpg,270,Dracula,6.8,1
26,South Korea; USA,Hye-JunKim,DoonaBae,GregChun,Action,Drama,Horror,While strange rumors about their ill king grip a kingdom; the crown prince becomes their only hope against a mysterious plague overtaking the land.,https://m.media-amazon.com/images/M/MV5BMmMzYzE5NzctZGZmZC00MmVkLTllMWUtZDY3YzIzYWEyMTIxXkEyXkFqcGdeQXVyNTI2MzI4NTU@._V1_SX300.jpg,45,Kingdom,8.2,2
27,USA,LaurenAmbrose,TobyKebbell,NellTigerFree,Drama,Horror,Thriller,A Philadelphia couple is in mourning after an unspeakable tragedy creates a rift in their marriage and opens the door for a mysterious force to enter their home.,https://m.media-amazon.com/images/M/MV5BNjQ2MzIzMGMtN2I4Yi00NzdkLWE1NTAtMTI0NWZiNzAwMDM5XkEyXkFqcGdeQXVyMTkxNjUyNQ@@._V1_SX300.jpg,30,Servant,7.7,2
28,USA,OctaviaSpencer,LizzyCaplan,MichaelBeach,Crime,Drama,Thriller,A true-crime podcaster tries to solve the mystery surrounding a family patriarch's death.,https://m.media-amazon.com/images/M/MV5BOGZiYWEzYmYtYWZkNy00MjAyLWI5MGYtNmVhYWI5MjIwZjgxXkEyXkFqcGdeQXVyMTQxNzMzNDI@._V1_SX300.jpg,45,Truth Be Told,7.1,1
29,USA,ReginaKing,YahyaAbdul-MateenII,TomMison,Action,Drama,Mystery,Set in an alternate history where masked vigilantes are treated as outlaws; Watchmen embraces the nostalgia of the original groundbreaking graphic novel of the same name; while attempting to break new ground of its own.,https://m.media-amazon.com/images/M/MV5BYjhhZDE3NjgtMjkzNC00NzI3LWJhOTItMWQ5ZjljODA5NWNkXkEyXkFqcGdeQXVyMzQ2MDI5NjU@._V1_SX300.jpg,60,Watchmen,8.1,1
30,USA,WalterArcher,VictorAvila,AlbertoAyala,Documentary,Crime,,A Netflix Original Series documenting various stories about exposing the greed; corruption; and crime spreading through the global economy.,https://m.media-amazon.com/images/M/MV5BZWVmYjJlZjgtMzU4YS00MDQxLWJmYjQtNTcyMjJkMDNmOTZkXkEyXkFqcGdeQXVyMTMxODk2OTU@._V1_SX300.jpg,60,Dirty Money,8.1,2
31,UK; USA,DominicPurcell,WentworthMiller,RobertKnepper,Action,Crime,Drama,Due to a political conspiracy; an innocent man is sent to death row and his only hope is his brother; who makes it his mission to deliberately get himself sent to the same prison in order to break the both of them out; from the inside.,https://m.media-amazon.com/images/M/MV5BMTg3NTkwNzAxOF5BMl5BanBnXkFtZTcwMjM1NjI5MQ@@._V1_SX300.jpg,44,Prison Break,8.3,5
32,Spain,AnaFern√°ndez,BlancaSu√°rez,YonGonz√°lez,Drama,,,Set in the 1920s; this is the story of four women from different backgrounds newly hired as operators for a phone company.,https://m.media-amazon.com/images/M/MV5BYmRhMWM4NzQtNTE1OS00NWMxLTgzYzYtMTllZTcyY2NjZDgxXkEyXkFqcGdeQXVyMTMxODk2OTU@._V1_SX300.jpg,50,Cable Girls,7.7,6
33,USA,DavidHarbour,FinnWolfhard,MillieBobbyBrown,Drama,Fantasy,Horror,When a young boy disappears; his mother; a police chief and his friends must confront terrifying supernatural forces in order to get him back.,https://m.media-amazon.com/images/M/MV5BZGExYjQzNTQtNGNhMi00YmY1LTlhY2MtMTRjODg3MjU4YTAyXkEyXkFqcGdeQXVyMTkxNjUyNQ@@._V1_SX300.jpg,51,Stranger Things,8.8,3
34,USA,AmyAdams,PatriciaClarkson,ChrisMessina,Crime,Drama,Mystery,A reporter confronts the psychological demons from her past when she returns to her hometown to cover a violent murder.,https://m.media-amazon.com/images/M/MV5BZDk2NzY1MGQtYTA2MS00ZDcxLWJiMzYtNWRmMGU3ZjQ0YTFjXkEyXkFqcGdeQXVyMTMxODk2OTU@._V1_SX300.jpg,421,Sharp Objects,8.2,1
35,UK; USA,BenedictCumberbatch,JenniferJasonLeigh,HugoWeaving,Drama,,,Based on the Patrick Melrose Novels by Edward St. Aubyn.,https://m.media-amazon.com/images/M/MV5BMjIwNzk4OTQ1NV5BMl5BanBnXkFtZTgwMjE0NDMyNTM@._V1_SX300.jpg,60,Patrick Melrose,8.1,1
36,UK,MichaelC.Hall,AmyJames-Kelly,AmandaAbbington,Drama,Mystery,,After his teenage daughter goes missing; a widowed surgeon begins uncovering dark secrets of the people closest to him.,https://m.media-amazon.com/images/M/MV5BNTRjNTA4YmEtNmU5ZC00YjFjLTk0YzMtNmFhZDI0ZGYxNmI5XkEyXkFqcGdeQXVyMTk3NDAwMzI@._V1_SX300.jpg,60,Safe,7.3,1
37,Denmark; USA,AlbaAugust,LucasLynggaardT√∏nnesen,MikkelBoeF√∏lsgaard,Sci-Fi,Thriller,,After a brutal virus wipes out most of the population; two young siblings embark on a perilous search for safety.,https://m.media-amazon.com/images/M/MV5BMGMwMDgxODgtYzJiMC00MWRhLTliODktOTc1NzZiNmM5NGNjXkEyXkFqcGdeQXVyODc0OTEyNDU@._V1_SX300.jpg,45,The Rain,6.3,1
38,USA,Clare-HopeAshitey,MichaelMosley,DavidLyons,Crime,Drama,,Tensions run high between African American citizens and Caucasian cops in Jersey City when a teenage African American boy is critically injured by a cop.,https://m.media-amazon.com/images/M/MV5BNzZiN2E4NTAtNWJlOC00ODA0LTgzODQtNGZkM2IxOWMxNDE0XkEyXkFqcGdeQXVyMTMxODk2OTU@._V1_SX300.jpg,60,Seven Seconds,7.7,1
39,USA,BillPullman,DohnNorwood,JessicaBiel,Crime,Drama,Mystery,Anthology series that examines how and why ordinary people commit brutal crimes.,https://m.media-amazon.com/images/M/MV5BODIwYmE0MGQtYmNhMS00ZjM4LWJkMzAtNjg5YzI4MzZjMjg3XkEyXkFqcGdeQXVyNjU2ODM5MjU@._V1_SX300.jpg,45,The Sinner,8,3
40,UK; USA,MackenzieCrook,DavidMorrissey,NikolajLieKaas,Action,Drama,Fantasy,In 43 AD; the Roman Army returns to crush the Celtic heart of Britannia.,https://m.media-amazon.com/images/M/MV5BOTI3OGY1MGQtNTdlMS00Yzg5LTk1MDItMzRmNDhlMTFmYmM4XkEyXkFqcGdeQXVyOTA0ODk2NTc@._V1_SX300.jpg,60,Britannia,6.7,2
41,USA,JenniferJasonLeigh,KeirGilchrist,BrigetteLundy-Paine,Comedy,Drama,,Sam; an 18-year-old on the autism spectrum; decides it's time to find a girlfriend; a journey that sets Sam's mom on her own life-changing path as her son seeks more independence.,https://m.media-amazon.com/images/M/MV5BYjg1ZmQ0ZDktMjNhZS00MDJjLTllZTItMmIyYTBkYjM2MzQzXkEyXkFqcGdeQXVyMTkxNjUyNQ@@._V1_SX300.jpg,30,Atypical,8.3,3
42,USA,MichaelSadler,DylanMinnette,ChristianNavarro,Drama,Mystery,,Follows teenager Clay Jensen; in his quest to uncover the story behind his classmate and crush; Hannah; and her decision to end her life.,https://m.media-amazon.com/images/M/MV5BMTA2OTQxNzQtMDQ5OC00NDczLWFhYjEtN2UyMmIwNGZlZDM4XkEyXkFqcGdeQXVyMTkxNjUyNQ@@._V1_SX300.jpg,60,13 Reasons Why,7.8,3
43,USA,ChristineBaranski,RoseLeslie,CushJumbo,Crime,Drama,,When Diane Lockhart's life savings are lost; she must start from scratch at a new firm.,https://m.media-amazon.com/images/M/MV5BODc2MDE2NTEyNl5BMl5BanBnXkFtZTgwMjIwNjUzNzM@._V1_SX300.jpg,45,The Good Fight,8.3,3
44,UK,nan,,,Documentary,Crime,,Ride along for an uncompromising look at the lives of those who sell; use and wage a war on drugs in the U.S. and Mexico.,https://m.media-amazon.com/images/M/MV5BYmQ3YzNhYjktZDcwMy00ZTI4LWI0ODEtZWJhZDcxNjA0MGFiXkEyXkFqcGdeQXVyNjgwMTgyODE@._V1_SX300.jpg,45,Dope,7.3,3
45,USA,JonBernthal,AmberRoseRevah,BenBarnes,Action,Adventure,Crime,"After the murder of his family; Marine veteran Frank Castle becomes the vigilante known as ""The Punisher;"" with only one goal in mind: to avenge them.",https://m.media-amazon.com/images/M/MV5BMTExODIwOTUxNzFeQTJeQWpwZ15BbWU4MDE5MDA0MTcz._V1_SX300.jpg,53,The Punisher,8.5,2
46,Canada,KimCoates,LouisFerreira,SharonTaylor,Crime,Drama,,A dramatization of the life and death of Montreal mob boss Vito Rizzuto.,https://m.media-amazon.com/images/M/MV5BMzRmNzZkMmMtMzU5YS00ZThhLWE2YzItZTNhNGMwMmI1MjQyXkEyXkFqcGdeQXVyMTMxODk2OTU@._V1_SX300.jpg,47,Bad Blood,7.5,2
47,USA,SamanthaColley,SethGabel,AntonioBanderas,Biography,Drama,History,The life stories of history's greatest minds. From their days as young adults to their final years we see their discoveries; loves; relationships; causes; flaws and genius.,https://m.media-amazon.com/images/M/MV5BNTkwYzVjZjEtODI2NS00ZDk5LTliNWItMzJiYzYwM2RiNjNhXkEyXkFqcGdeQXVyNzg5MzIyOA@@._V1_SX300.jpg,43,Genius,8.4,2
48,USA,JackO'Connell,MichelleDockery,ScootMcNairy,Drama,Western,,In the 1880s American West murderous outlaw gang leader Frank Griffin hunts for ex-protege Roy Goode. Frank's chase leads him to La Belle; New Mexico - a town inhabited; after a mining disaster; almost entirely by women.,https://m.media-amazon.com/images/M/MV5BMTY0NzkxNDcxNF5BMl5BanBnXkFtZTgwOTI5ODM5MzI@._V1_SX300.jpg,60,Godless,8.3,1
49,UK; USA,ClaireFoy,OliviaColman,MattSmith,Drama,History,,Follows the political rivalries and romance of Queen Elizabeth II's reign and the events that shaped the second half of the twentieth century.,https://m.media-amazon.com/images/M/MV5BNGI1ODkzZDQtZTYxYS00MTg1LWFlY2QtMTM5MGNhNWRhYmVmXkEyXkFqcGdeQXVyNjU2ODM5MjU@._V1_SX300.jpg,58,The Crown,8.7,4
50,,DominicCooper,JosephGilgun,RuthNegga,Adventure,Drama,Fantasy,After a supernatural event at his church; a preacher enlists the help of a vampire and his ex to find God.,https://m.media-amazon.com/images/M/MV5BNzIyMDY4NmUtMGRhZS00ZjE4LWI5YWYtYTYxMzcwZWNlZWRkXkEyXkFqcGdeQXVyMTkxNjUyNQ@@._V1_SX300.jpg,60,Preacher,8,4
51,USA,TomEllis,LaurenGerman,KevinAlejandro,Crime,Drama,Fantasy,Lucifer Morningstar has decided he's had enough of being the dutiful servant in Hell and decides to spend some time on Earth to better understand humanity. He settles in Los Angeles - the City of Angels.,https://m.media-amazon.com/images/M/MV5BZTA2NTBkYWUtMzM4Zi00YzhlLTk4NWItY2U1ODczNDMyNDAzXkEyXkFqcGdeQXVyNDg4NjY5OTQ@._V1_SX300.jpg,42,Lucifer,8.2,4
52,USA,RyanPhillippe,ShantelVanSanten,CynthiaAddai-Robinson,Action,Drama,,A conspiracy thriller that follows the journey of Bob Lee Swagger; a highly-decorated veteran who is coaxed back into action to prevent a plot to kill the President.,https://m.media-amazon.com/images/M/MV5BNmViMGQzMzMtNzgyYy00YzA4LWIzYzAtYmU5OTA4YWJjZWNjXkEyXkFqcGdeQXVyNjgyMjQ2NjM@._V1_SX300.jpg,60,Shooter,7.5,3
53,USA,SarahPaulson,AnnaleighAshford,SterlingK.Brown,Biography,Crime,Drama,An anthology series centered around America's most notorious crimes and criminals.,https://m.media-amazon.com/images/M/MV5BNzc2MzJmM2ItMjgzYy00MjgxLTljYjctZjJhYzM1ODFhMzU0XkEyXkFqcGdeQXVyMTMxODk2OTU@._V1_SX300.jpg,42,American Crime Story,8.4,4
54,USA,JamesFranco,SarahGadon,GeorgeMacKay,Drama,Mystery,Sci-Fi,A high school teacher travels back in time to prevent John F. Kennedy's assassination.,https://m.media-amazon.com/images/M/MV5BMTk1NjE5MjUwM15BMl5BanBnXkFtZTgwODk3NTk2OTE@._V1_SX300.jpg,60,11.22.63,8.2,1
55,USA,GiovanniRibisi,MarinIreland,ShaneMcRae,Crime,Drama,,A con man on the run from a vicious gangster takes cover by assuming the identity of his prison cellmate; Pete; reuniting with his estranged family; that threatens to drag him into a world just as dangerous as the one he's escaping.,https://m.media-amazon.com/images/M/MV5BMTc2OTExNDE3MF5BMl5BanBnXkFtZTgwMzk2MjU5NzM@._V1_SX300.jpg,60,Sneaky Pete,8.2,3
56,USA,KrystenRitter,RachaelTaylor,EkaDarville,Action,Crime,Drama,Following the tragic end of her brief superhero career; Jessica Jones tries to rebuild her life as a private investigator; dealing with cases involving people with remarkable abilities in New York City.,https://m.media-amazon.com/images/M/MV5BM2QyNmZkNTYtZWQyZi00NDhhLWEzMDItYmIzY2U4ZWVmOWNhXkEyXkFqcGdeQXVyNDg4NjY5OTQ@._V1_SX300.jpg,56,Jessica Jones,8,3
57,USA; Colombia; Mexico,PedroPascal,WagnerMoura,BoydHolbrook,Biography,Crime,Drama,A chronicled look at the criminal exploits of Colombian drug lord Pablo Escobar; as well as the many other drug kingpins who plagued the country through the years.,https://m.media-amazon.com/images/M/MV5BNmFjODU3YzgtMGUwNC00ZGI3LWFkZjQtMjkxZDc3NmQ1MzcyXkEyXkFqcGdeQXVyNjUwNzk3NDc@._V1_SX300.jpg,49,Narcos,8.8,3
58,USA,GrantGustin,CandicePatton,DaniellePanabaker,Action,Adventure,Drama,After being struck by lightning; Barry Allen wakes up from his coma to discover he's been given the power of super speed; becoming the Flash; fighting crime in Central City.,https://m.media-amazon.com/images/M/MV5BNTM4YThiMzktMDRlNi00NzAyLWI1YmQtNTdkMTNiN2Q0NzU1XkEyXkFqcGdeQXVyMTkxNjUyNQ@@._V1_SX300.jpg,43,The Flash,7.8,6
59,USA,OmariHardwick,LelaLoren,NaturiNaughton,Crime,Drama,,"James ""Ghost"" St. Patrick; a wealthy New York night club owner who has it all; catering to the city's elite and dreaming big; lives a double life as a drug kingpin.",https://m.media-amazon.com/images/M/MV5BYjllZjcwNjItMzc1OC00YjRkLWI5YzUtODM1YmEzNjFiYzNhXkEyXkFqcGdeQXVyMDM2NDM2MQ@@._V1_SX300.jpg,50,Power,8.2,6
60,USA,ThomasMiddleditch,JoshBrener,MartinStarr,Comedy,,,Follows the struggle of Richard Hendricks; a Silicon Valley engineer trying to build his own company called Pied Piper.,https://m.media-amazon.com/images/M/MV5BOTcwNzU2MGEtMzUzNC00MzMwLWJhZGItNDY3NDllYjU5YzAyXkEyXkFqcGdeQXVyMzQ2MDI5NjU@._V1_SX300.jpg,28,Silicon Valley,8.5,6
61,USA,AllisonTolman,BillyBobThornton,ColinHanks,Crime,Drama,Thriller,Various chronicles of deception; intrigue and murder in and around frozen Minnesota. Yet all of these tales mysteriously lead back one way or another to Fargo; North Dakota.,https://m.media-amazon.com/images/M/MV5BMTg5NTYxNjkyNl5BMl5BanBnXkFtZTgwNzY1Mjg4MTI@._V1_SX300.jpg,53,Fargo,8.9,4
62,USA,LievSchreiber,EddieMarsan,DashMihok,Crime,Drama,,"Ray Donovan; a professional ""fixer"" for the rich and famous in Los Angeles; can make anyone's problems disappear except those created by his own family.",https://m.media-amazon.com/images/M/MV5BYWY1MTE2MmItNzQyNi00YThjLWE4ZDctMDA0ZGE3OWJhYTMzXkEyXkFqcGdeQXVyOTA3MTMyOTk@._V1_SX300.jpg,60,Ray Donovan,8.3,7
63,USA,HarryLennix,JamesSpader,MeganBoone,Crime,Drama,Mystery,A new FBI profiler; Elizabeth Keen; has her entire life uprooted when a mysterious criminal; Raymond Reddington; who has eluded capture for decades; turns himself in and insists on speaking only to her.,https://m.media-amazon.com/images/M/MV5BZDU1OGI3NWItZTliOS00OWYxLTliNDktYTFjODcxNmE1NTNmXkEyXkFqcGdeQXVyODUxOTU0OTg@._V1_SX300.jpg,43,The Blacklist,8,8
64,USA,RobinWright,MichaelKelly,KevinSpacey,Drama,,,A Congressman works with his equally conniving wife to exact revenge on the people who betrayed him.,https://m.media-amazon.com/images/M/MV5BODM1MDU2NjY5NF5BMl5BanBnXkFtZTgwMDkxNTcwNjM@._V1_SX300.jpg,51,House of Cards,8.8,6
65,UK,AdeelAkhtar,PaulHiggins,NeilMaskell,Drama,Mystery,Sci-Fi,After a group of people; who meet online; discover a bizarre graphic novel which seems to hold mysterious answers; they find themselves being tracked down by a merciless organization known merely as 'The Network'.,https://m.media-amazon.com/images/M/MV5BMjMwMTA5NDc5M15BMl5BanBnXkFtZTgwMjQ4MTY0MjE@._V1_SX300.jpg,50,Utopia,8.4,2
66,Germany,VolkerBruch,TomSchilling,KatharinaSch√ºttler,Action,Drama,History,Five friends go out to war and promise each other to be back for Christmas.,https://m.media-amazon.com/images/M/MV5BMTYwMzIyMjg5M15BMl5BanBnXkFtZTgwNzM1NjI2MDE@._V1_SX300.jpg,270,Generation War,8.5,1
67,USA,GabrielMacht,RickHoffman,SarahRafferty,Comedy,Drama,,On the run from a drug deal gone bad; brilliant college dropout Mike Ross; finds himself working with Harvey Specter; one of New York City's best lawyers.,https://m.media-amazon.com/images/M/MV5BNmVmMmM5ZmItZDg0OC00NTFiLWIxNzctZjNmYTY5OTU3ZWU3XkEyXkFqcGdeQXVyMTQxNzMzNDI@._V1_SX300.jpg,44,Suits,8.5,9
68,USA,DianeKruger,Demi√°nBichir,ThomasM.Wright,Crime,Drama,Mystery,Two detectives work together to take down a serial killer operating on both sides of the Texas-Chihuahua border.,https://m.media-amazon.com/images/M/MV5BMTQyNjEzMjIyMV5BMl5BanBnXkFtZTgwMTg0NjYxMjE@._V1_SX300.jpg,43,The Bridge,7.6,2
69,UK,DanielLapaine,HannahJohn-Kamen,MichaelaCoel,Drama,Sci-Fi,Thriller,An anthology series exploring a twisted; high-tech multiverse where humanity's greatest innovations and darkest instincts collide.,https://m.media-amazon.com/images/M/MV5BYTM3YWVhMDMtNjczMy00NGEyLWJhZDctYjNhMTRkNDE0ZTI1XkEyXkFqcGdeQXVyMTkxNjUyNQ@@._V1_SX300.jpg,60,Black Mirror,8.8,5
70,UK,IdrisElba,DermotCrowley,MichaelSmiley,Crime,Drama,Mystery,DCI John Luther is a near-genius murder detective whose brilliant mind can't always save him from the dangerous violence of his passions.,https://m.media-amazon.com/images/M/MV5BYTdhNWMwYTMtNzQ3OC00ODZjLWI0YzQtYjVlODZiOWVlYTJlXkEyXkFqcGdeQXVyNTA4NzY1MzY@._V1_SX300.jpg,60,Luther,8.5,5
71,USA,SimonBaker,RobinTunney,TimKang,Crime,Drama,Mystery,"A famous ""psychic"" outs himself as a fake; and starts working as a consultant for the California Bureau of Investigation so he can find ""Red John""; the madman who killed his wife and daughter.",https://m.media-amazon.com/images/M/MV5BMTQ5OTgzOTczM15BMl5BanBnXkFtZTcwMDM2OTY4MQ@@._V1_SX300.jpg,43,The Mentalist,8.1,7
72,USA; UK,AlexanderSkarsg√•rd,JamesRansone,LeeTergesen,Drama,War,,A Rolling Stone reporter; embedded with The 1st Recon Marines chronicles his experiences during the first wave of the American-led assault on Baghdad in 2003.,https://m.media-amazon.com/images/M/MV5BMTM2NjAxOTQzNl5BMl5BanBnXkFtZTcwMjk4NzU3MQ@@._V1_SX300.jpg,70,Generation Kill,8.5,1
73,UK,DavidAttenborough,SigourneyWeaver,,Documentary,,,Emmy Award-winning; 11 episodes; five years in the making; the most expensive nature documentary series ever commissioned by the BBC; and the first to be filmed in high definition.,https://m.media-amazon.com/images/M/MV5BNmZlYzIzMTItY2EzYS00YTEyLTg0ZjEtMDMzZjM3ODdhN2UzXkEyXkFqcGdeQXVyNjI0MDg2NzE@._V1_SX300.jpg,538,Planet Earth,9.4,1
74,USA,PeterKrause,JuliannaMargulies,PeterJacobson,Action,Fantasy,Mystery,A detective investigates a mysterious motel room; which acts as a portal to an alternate universe.,https://m.media-amazon.com/images/M/MV5BOTIzODYzNzMtZTE1ZS00MWRkLThhMTUtYzU4N2M0MDExZTI0XkEyXkFqcGdeQXVyNTAyODkwOQ@@._V1_SX300.jpg,270,The Lost Room,8.2,1
75,UK; Canada,MattSmith,DavidTennant,PeterCapaldi,Adventure,Drama,Family,The further adventures in time and space of the alien adventurer known as the Doctor and their companions from planet Earth.,https://m.media-amazon.com/images/M/MV5BZWJhYjFmZDEtNTVlYy00NGExLWJhZWItNTAxODY5YTc3MDFmXkEyXkFqcGdeQXVyMTkxNjUyNQ@@._V1_SX300.jpg,45,Doctor Who,8.6,12
76,USA,RainnWilson,JohnKrasinski,JennaFischer,Comedy,,,A mockumentary on a group of typical office workers; where the workday consists of ego clashes; inappropriate behavior; and tedium.,https://m.media-amazon.com/images/M/MV5BMDNkOTE4NDQtMTNmYi00MWE0LWE4ZTktYTc0NzhhNWIzNzJiXkEyXkFqcGdeQXVyMzQ2MDI5NjU@._V1_SX300.jpg,22,The Office,8.8,9
77,USA,JaredPadalecki,JensenAckles,MishaCollins,Drama,Fantasy,Horror,Two brothers follow their father's footsteps as hunters; fighting evil supernatural beings of many kinds; including monsters; demons and gods that roam the earth.,https://m.media-amazon.com/images/M/MV5BMTJhM2VhZDItMTk4OS00MTRjLTlmMDQtNzEyYmM0NDA0YjhjXkEyXkFqcGdeQXVyMTkxNjUyNQ@@._V1_SX300.jpg,44,Supernatural,8.4,15
78,USA,TimothyOlyphant,IanMcShane,MollyParker,Crime,Drama,History,"A show set in the late 1800s; revolving around the characters of Deadwood; South Dakota, a town of deep corruption and crime.",https://m.media-amazon.com/images/M/MV5BNDJhMjUzMDYtNzc4MS00Nzk2LTkyMGQtN2M5NTczYTZmYmY5XkEyXkFqcGdeQXVyMzU3MTc5OTE@._V1_SX300.jpg,55,Deadwood,8.6,3
79,USA,CharlesDurning,DouglasSeale,LouisGiambalvo,Adventure,Comedy,Drama,Truly amazing; fantastical; funny; and odd; and sometimes scary; sad; and endearing stories are portrayed. Many famous actors; actresses; and directors made guest appearances.,https://m.media-amazon.com/images/M/MV5BYzBkMTEzZDktYmQyMS00ZDE5LWI5MWUtMGEwYzQ3ZjJhYjMxXkEyXkFqcGdeQXVyMjIzMTQ5NjE@._V1_SX300.jpg,30,Amazing Stories,7.4,2
80,USA,SonoyaMizuno,NickOfferman,JinHa,Drama,Mystery,Sci-Fi,A computer engineer investigates the secretive development division in her company; which she believes is behind the disappearance of her boyfriend.,https://m.media-amazon.com/images/M/MV5BNjFiMTYwNGYtZWUxZS00MjAzLTg2NzctNTc1NTI2MTRhYzc0XkEyXkFqcGdeQXVyMzY0MTE3NzU@._V1_SX300.jpg,50,Devs,8.1,1
81,Italy; France; Spain; USA; UK,JudeLaw,JohnMalkovich,SilvioOrlando,Drama,,,Two Popes. Only one Vatican. A holy war to come.,https://m.media-amazon.com/images/M/MV5BZGQzZDk2NTgtNTRjMS00MDI0LWIwZWQtNDZjODZhOGI1YzliXkEyXkFqcGdeQXVyMTkxNjUyNQ@@._V1_SX300.jpg,60,The New Pope,8.2,1
82,USA,BenMendelsohn,BillCamp,JeremyBobb,Crime,Drama,Mystery,Investigators are confounded over an unspeakable crime that's been committed.,https://m.media-amazon.com/images/M/MV5BNzgxOTc4ODctNDNhZC00M2UzLTgyYzgtM2Q2OTk3NmQ5NTljXkEyXkFqcGdeQXVyMzQ2MDI5NjU@._V1_SX300.jpg,60,The Outsider,8.4,1
83,USA,TomPayne,LouDiamondPhillips,HalstonSage,Crime,Drama,Mystery,Malcolm Bright; one of the best criminal psychologists around; uses his twisted genius to help the NYPD solve crimes.,https://m.media-amazon.com/images/M/MV5BMDU4MGRlYzctMzk5ZC00NWE0LWJhN2ItMWQ2OWJiODAyYmM3XkEyXkFqcGdeQXVyODU4NjY3NDA@._V1_SX300.jpg,44,Prodigal Son,7.6,1
84,India,EmraanHashmi,SobhitaDhulipala,JaideepAhlawat,Action,Adventure,Drama,"Political espionage thriller based on ""Bard of Blood;"" by Bilal Siddiqi.",https://m.media-amazon.com/images/M/MV5BNjAzZGI0MDctMTgyYi00NDgwLWFmMjgtNTIyMmZhN2FkM2YxXkEyXkFqcGdeQXVyMTkxNjUyNQ@@._V1_SX300.jpg,45,Bard of Blood,7.4,1
85,USA,KaitlynDever,ToniCollette,MerrittWever,Crime,Drama,,Based on the true story of Marie; a teenager who was charged with lying about having been raped; and the two female detectives who followed the path to the truth.,https://m.media-amazon.com/images/M/MV5BN2Q3OWQ1Y2UtN2E3OS00ODA2LWE1Y2EtYmY5OWMzNWYzMDZmXkEyXkFqcGdeQXVyMzY0MTE3NzU@._V1_SX300.jpg,385,Unbelievable,8.5,1
86,USA,MjRodriguez,DominiqueJackson,IndyaMoore,Drama,,,"Pose is set in the world of 1987 and ""looks at the juxtaposition of several segments of life and society in New York: the rise of the luxury universe; the downtown social and literary scene and the ball culture world.""",https://m.media-amazon.com/images/M/MV5BMjQwMTQ0MTIxNl5BMl5BanBnXkFtZTgwMDYzNjYwODM@._V1_SX300.jpg,60,Pose,8.6,2
87,USA; UK; Italy,SandraOh,JodieComer,FionaShaw,Action,Adventure,Drama,After a series of events; the lives of a security operative and an assassin become inextricably linked.,https://m.media-amazon.com/images/M/MV5BZDE0NTc0NjMtNDc2Mi00NTY2LWJiNTItNDBlOWQxMTM5ZmMyXkEyXkFqcGdeQXVyMzQ2MDI5NjU@._V1_SX300.jpg,42,Killing Eve,8.3,4
88,USA,StephanJames,JuliaRoberts,BobbyCannavale,Drama,Thriller,,Heidi works at Homecoming; a facility helping soldiers transition to civilian life. Years later when the Department of Defense questions why she left; Heidi realizes there's a whole other story behind the one she's been telling herself.,https://m.media-amazon.com/images/M/MV5BMTZlZDM2YjAtYzdjNS00ZDQxLTgyZTQtYTY0ZDdlYWExMGMxXkEyXkFqcGdeQXVyMDA4NzMyOA@@._V1_SX300.jpg,30,Homecoming,7.5,2
89,Turkey,HalukBilginer,NurS√ºrer,AliAtay,Crime,Drama,Mystery,Cevdet (Haluk Bilginer); a retired commissioner; and his wife spend their pensions in peace on a farm away from the city. Suddenly the life of the family is destroyed by the sudden arrival of a terrible news from the little son.,https://m.media-amazon.com/images/M/MV5BOGViOWQxYTgtMTMzZC00MjQ1LWJjY2YtNWY5ZTYzNjk1MGQ2L2ltYWdlXkEyXkFqcGdeQXVyNDQ2MTMzODA@._V1_SX300.jpg,60,Masum,8.6,1
90,UK; USA,LesleyManville,KateFleetwood,HolliDempsey,Drama,,,Brothel owner Margaret Wells struggles to raise her daughters in London during the 18th century.,https://m.media-amazon.com/images/M/MV5BMTY5MDgyMjY2M15BMl5BanBnXkFtZTgwMzAzNDQ4NTM@._V1_SX300.jpg,45,Harlots,7.7,3
91,USA,JonathanGroff,HoltMcCallany,AnnaTorv,Crime,Drama,Thriller,Set in the late 1970s; two FBI agents are tasked with interviewing serial killers to solve open cases.,https://m.media-amazon.com/images/M/MV5BNWNmYzQ1ZWUtYTQ3ZS00Y2UwLTlkMDctZThlOTJkMGJiNzBiXkEyXkFqcGdeQXVyNjg2NjQwMDQ@._V1_SX300.jpg,60,Mindhunter,8.6,2
92,USA,MiloVentimiglia,MandyMoore,SterlingK.Brown,Comedy,Drama,Romance,A heartwarming and emotional story about a unique set of triplets; their struggles; and their wonderful parents.,https://m.media-amazon.com/images/M/MV5BMDM2YTMzMWMtNmFhZi00ZWY4LTk1ZmUtMWExNzg3NDZmMTY4XkEyXkFqcGdeQXVyMzQ2MDI5NjU@._V1_SX300.jpg,45,This Is Us,8.7,4
93,USA,BrandonScott,MarinaStephensonKerr,AbigailPniowsky,Drama,Fantasy,Horror,An anthology series based on popular Internet Creepypastas Candle Cove; The No-End House; Butcher's Block; and The Dream Door.,https://m.media-amazon.com/images/M/MV5BMjExMTMxNjMwNl5BMl5BanBnXkFtZTgwNDA2OTYzNjM@._V1_SX300.jpg,44,Channel Zero,7.2,4
94,USA,AlfonsoHerrera,BenDaniels,KurtEgyiawan,Drama,Horror,Mystery,Follows three priests dealing with cases of a demonic presence targeting a family and a foster home.,https://m.media-amazon.com/images/M/MV5BMjEzNjI5Njg4MV5BMl5BanBnXkFtZTgwMjkwMjU2MzI@._V1_SX300.jpg,45,The Exorcist,8.1,2
95,USA,DoonaBae,JamieClayton,TinaDesai,Drama,Mystery,Sci-Fi,A group of people around the world are suddenly linked mentally; and must find a way to survive being hunted by those who see them as a threat to the world's order.,https://m.media-amazon.com/images/M/MV5BMjA4MTEyMzcwMl5BMl5BanBnXkFtZTgwMTIwODczNTM@._V1_SX300.jpg,60,Sense8,8.3,2
96,USA,WillArnett,AmySedaris,AlisonBrie,Animation,Comedy,Drama,"BoJack Horseman was the star of the hit television show ""Horsin' Around"" in the '80s and '90s; now he's washed up; living in Hollywood; complaining about everything; and wearing colorful sweaters.",https://m.media-amazon.com/images/M/MV5BYWQwMDNkM2MtODU4OS00OTY3LTgwOTItNjE2Yzc0MzRkMDllXkEyXkFqcGdeQXVyMTkxNjUyNQ@@._V1_SX300.jpg,25,BoJack Horseman,8.7,6
97,USA,JenniferAniston,CourteneyCox,LisaKudrow,Comedy,Romance,,Follows the personal and professional lives of six twenty to thirty-something-year-old friends living in Manhattan.,https://m.media-amazon.com/images/M/MV5BNDVkYjU0MzctMWRmZi00NTkxLTgwZWEtOWVhYjZlYjllYmU4XkEyXkFqcGdeQXVyNTA4NzY1MzY@._V1_SX300.jpg,22,Friends,8.9,10
98,USA,KathrynHahn,JacksonWhite,OwenTeague,Comedy,,,A single mom whose son has moved out for college looks to begin a new life on her own.,https://m.media-amazon.com/images/M/MV5BZTVlMDViYzItMGVhMS00YmQyLTg4ZTAtYjA4ZDZlY2RlNmExXkEyXkFqcGdeQXVyMzY0MTE3NzU@._V1_SX300.jpg,31,Mrs. Fletcher,6.9,1
99,USA,JeffDaniels,EmilyMortimer,JohnGallagherJr.,Drama,,,A newsroom undergoes some changes in its workings and morals as a new team is brought in; bringing unexpected results for its existing news anchor.,https://m.media-amazon.com/images/M/MV5BZjg5OGU2OGMtNTM3ZC00YTEzLWFmZjMtOWQ3NGI5YjIzODJlXkEyXkFqcGdeQXVyNTE1NjY5Mg@@._V1_SX300.jpg,55,The Newsroom,8.6,3
100,USA,JonHamm,ElisabethMoss,VincentKartheiser,Drama,,,A drama about one of New York's most prestigious ad agencies at the beginning of the 1960s; focusing on one of the firm's most mysterious but extremely talented ad executives; Donald Draper.,https://m.media-amazon.com/images/M/MV5BMjMwNzk5Nzg2OV5BMl5BanBnXkFtZTgwMjg1OTk1NDE@._V1_SX300.jpg,47,Mad Men,8.6,7
101,USA,RobertWuhl,SandraOh,JimTurner,Comedy,Sport,,Arliss Michaels is not a sports agent; he is a sports super agent. To his team of associates; the athletes he represents and the world around them; he is God. He is like Jerry Maguire; but ...,https://m.media-amazon.com/images/M/MV5BNzIxNzkwMDgyN15BMl5BanBnXkFtZTcwMDAxOTcxMQ@@._V1_SX300.jpg,30,Arli$$,7,7
102,USA,SarahJessicaParker,KimCattrall,KristinDavis,Comedy,Drama,Romance,Four female New Yorkers gossip about their sex lives (or lack thereof) and find new ways to deal with being a woman in the 1990s.,https://m.media-amazon.com/images/M/MV5BNGEyNDRjM2QtY2VlYy00OWRhLWI4N2UtZTM4NDc0MGM0YzBkXkEyXkFqcGdeQXVyNjk1Njg5NTA@._V1_SX300.jpg,30,Sex and the City,7.1,6
103,USA,DwayneJohnson,JohnDavidWashington,DonovanW.Carter,Comedy,Drama,Sport,A series centered around a group of football players and their families; friends and handlers.,https://m.media-amazon.com/images/M/MV5BYzM5NDRkNzItN2FkZC00ZjQyLTlmYzctYmNiNTA4YzIxYTg2XkEyXkFqcGdeQXVyMzQ2MDI5NjU@._V1_SX300.jpg,30,Ballers,7.6,5
104,USA,DannyMcBride,WaltonGoggins,GeorgiaKing,Comedy,,,An over protective father is obsessed with becoming a principal and competes against the popular vice principal. However something happens that makes them work together to save the day.,https://m.media-amazon.com/images/M/MV5BMjQ2MjY0ODI4M15BMl5BanBnXkFtZTgwNTY3MjQyMzI@._V1_SX300.jpg,30,Vice Principals,8,2
105,UK; USA,KevinMcKidd,RayStevenson,PollyWalker,Action,Drama,History,A down-to-earth account of the lives of both illustrious and ordinary Romans set in the last days of the Roman Republic.,https://m.media-amazon.com/images/M/MV5BZTM4NjBkMWEtZDA4My00MzA0LWI0ZWMtNzUwYWVhOThiMTgwXkEyXkFqcGdeQXVyNTAyODkwOQ@@._V1_SX300.jpg,52,Rome,8.7,2
106,USA,ErnieHudson,J.K.Simmons,LeeTergesen,Crime,Drama,Thriller,A series chronicling the daily activities of an unusual prison facility and its criminal inhabitants.,https://m.media-amazon.com/images/M/MV5BY2ZjNGZiZWUtMDM5ZS00NWUwLWEwZTItZjRmZGVkOTkzMmI4XkEyXkFqcGdeQXVyNDIzMzcwNjc@._V1_SX300.jpg,55,Oz,8.7,6
107,USA,LenaDunham,AllisonWilliams,JemimaKirke,Comedy,Drama,,A comedy about the experiences of a group of girls in their early 20s.,https://m.media-amazon.com/images/M/MV5BMTU1Mzk2ODEzN15BMl5BanBnXkFtZTgwNDQwMjAxMTI@._V1_SX300.jpg,28,Girls,7.3,6
108,USA; Australia,JamesBadgeDale,JosephMazzello,JonSeda,Action,Adventure,Drama,The Pacific Theatre of World War II; as seen through the eyes of several young Marines.,https://m.media-amazon.com/images/M/MV5BNmEwNmI1MjItNjNjYy00NDE5LWJiNTYtM2QxMTI5ZjllZTBhL2ltYWdlXkEyXkFqcGdeQXVyNTAyODkwOQ@@._V1_SX300.jpg,530,The Pacific,8.3,1
109,USA,JuliaLouis-Dreyfus,AnnaChlumsky,TonyHale,Comedy,,,Former Senator Selina Meyer finds that being Vice President of the United States is nothing like she hoped and everything that everyone ever warned her about.,https://m.media-amazon.com/images/M/MV5BMjE2NDM0OTEwMl5BMl5BanBnXkFtZTgwNzgwNDI0ODE@._V1_SX300.jpg,28,Veep,8.3,7
110,USA,BillHader,StephenRoot,SarahGoldberg,Action,Comedy,Crime,A hit man from the Midwest moves to Los Angeles and gets caught up in the city's theatre arts scene.,https://m.media-amazon.com/images/M/MV5BMmY1NTk5N2QtYWQyOS00NjhiLWFhZmYtYWZmZGFlMjEzY2E2XkEyXkFqcGdeQXVyMzQ2MDI5NjU@._V1_SX300.jpg,30,Barry,8.3,2
111,USA,T.K.Carter,KhandiAlexander,SeanNelson,Crime,Drama,,Chronicles West Baltimore family living in poverty on the front lines of America's drug war.,https://m.media-amazon.com/images/M/MV5BMTI3NzU0ODAwOF5BMl5BanBnXkFtZTYwMDcwOTk5._V1_SX300.jpg,376,The Corner,8.6,1
112,UK,AsaButterfield,GillianAnderson,NcutiGatwa,Comedy,Drama,,A teenage boy with a sex therapist mother teams up with a high school classmate to set up an underground sex therapy clinic at school.,https://m.media-amazon.com/images/M/MV5BZjgyMzFiMDgtNWNmMS00ZDEyLTkzYzgtMjMzZjk4YjhjZWUxXkEyXkFqcGdeQXVyNDg4MjkzNDk@._V1_SX300.jpg,45,Sex Education,8.3,3
113,UK,RichardMadden,SophieRundle,VincentFranklin,Crime,Drama,Thriller,A contemporary thriller featuring the Royalty and Specialist Protection Branch of London's Metropolitan Police Service.,https://m.media-amazon.com/images/M/MV5BOTQ2YmU5YWYtYTdhMS00YjdmLThlMWMtMWVkZGVmNTVhOWE0XkEyXkFqcGdeQXVyODEyMzI2OTE@._V1_SX300.jpg,60,Bodyguard,8.2,1
114,USA,AmyPoehler,NickOfferman,AubreyPlaza,Comedy,,,The absurd antics of an Indiana town's public officials as they pursue sundry projects to make their city a better place.,https://m.media-amazon.com/images/M/MV5BMjA5MjUxNDgwNF5BMl5BanBnXkFtZTgwMDI5NjMwNDE@._V1_SX300.jpg,22,Parks and Recreation,8.6,7
115,USA,BrandonRouth,CaityLotz,AmyLouisePemberton,Action,Adventure,Drama,Time-travelling rogue Rip Hunter has to recruit a rag-tag team of heroes and villains to help prevent an apocalypse that could impact not only Earth; but all of time.,https://m.media-amazon.com/images/M/MV5BMTc1NTA2YWMtOTc1ZC00ZDk0LThmZDktODhhZjZiMjdkYmNkXkEyXkFqcGdeQXVyMTkxNjUyNQ@@._V1_SX300.jpg,42,DC's Legends of Tomorrow,6.8,6
116,USA,StellaMaeve,HaleAppleman,ArjunGupta,Drama,Fantasy,Mystery,After being recruited to a secretive academy; a group of students discover that the magic they read about as children is very real-and more dangerous than they ever imagined.,https://m.media-amazon.com/images/M/MV5BYTU3ZWRmNDktMDQ0My00OGQzLTkzMzktOTVjZjUzMzVmNjNmXkEyXkFqcGdeQXVyMTkxNjUyNQ@@._V1_SX300.jpg,60,The Magicians,7.6,5
117,UK,JessicaBarden,AlexLawther,SteveOram,Adventure,Comedy,Crime,James is 17 and is pretty sure he is a psychopath. Alyssa; also 17; is the cool and moody new girl at school. The pair make a connection and she persuades him to embark on a road trip in search of her real father.,https://m.media-amazon.com/images/M/MV5BN2ZhNmQ2MjQtMmQzMi00YjE5LTlkMWMtMjk5YzIxMjk2NDc2XkEyXkFqcGdeQXVyMTkxNjUyNQ@@._V1_SX300.jpg,25,The End of the F***ing World,8.1,2
118,UK; USA,CareyMulligan,JeanySpark,NicolaWalker,Crime,Drama,Mystery,London detectives investigating the seemingly random murder of a pizza delivery man uncover a convoluted case of interlocking circumstances amid a cross-section of British society.,https://m.media-amazon.com/images/M/MV5BNzY2MDg2Njk3MV5BMl5BanBnXkFtZTgwMTE4MTY4NDM@._V1_SX300.jpg,57,Collateral,6.8,1
119,USA,ElizaCoupe,JayHarrington,CarterMacIntyre,Comedy,,,After losing her boyfriend and her high-powered job as an attorney all on one day; Nina finds that the only job available to her is at the Public Defender's office. She quickly realizes ...,https://m.media-amazon.com/images/M/MV5BMjA4OTg5NjUwMl5BMl5BanBnXkFtZTgwMTU5ODQxMzE@._V1_SX300.jpg,23,Benched,7.2,1
120,USA,SigourneyWeaver,CarlaGugino,JamesWolk,Drama,,,A divorced; former First Lady; is currently serving as the Secretary of State. She deals with State Department issues; while trying to keep her family together.,https://m.media-amazon.com/images/M/MV5BMjIxMjY3MjgyNl5BMl5BanBnXkFtZTcwOTc1Mjc5Nw@@._V1_SX300.jpg,360,Political Animals,7.8,1
121,USA,MaryMcCormack,FrederickWeller,PaulBen-Victor,Crime,Drama,Mystery,U.S. Marshal Mary Shannon must hunt down witnesses for federal cases in the witness protection program while also managing a rather dysfunctional family and her own personal life.,https://m.media-amazon.com/images/M/MV5BNDQxNzM5NzU0OF5BMl5BanBnXkFtZTcwNDg0MjY0Mg@@._V1_SX300.jpg,60,In Plain Sight,7.2,5
122,USA,DanielSunjata,AaronTveit,VanessaFerlito,Action,Crime,Drama,A rookie FBI agent is sent to a house for undercover agents in Southern California; where he is trained by a former legend FBI agent.,https://m.media-amazon.com/images/M/MV5BMTQzNjM5OTc5NV5BMl5BanBnXkFtZTgwMjExMTg5MTE@._V1_SX300.jpg,42,Graceland,7.7,3
123,USA,PiperPerabo,ChristopherGorham,KariMatchett,Action,Crime,Drama,Fresh out of the farm; Annie Walker must adapt to the challenging life of a CIA operative under the guidance of her handler; Auggie. But soon she realizes her recruit might have to do with her last boyfriend rather than her talent.,https://m.media-amazon.com/images/M/MV5BMTM3Nzk5Njc3M15BMl5BanBnXkFtZTcwMTUxNzc4Nw@@._V1_SX300.jpg,60,Covert Affairs,7.3,5
124,USA,JeffreyDonovan,GabrielleAnwar,BruceCampbell,Action,Crime,Drama,A spy recently disavowed by the U.S. government uses his special ops training to help others in trouble.,https://m.media-amazon.com/images/M/MV5BMTczMzg4NjU1Ml5BMl5BanBnXkFtZTcwODc4NzY5Nw@@._V1_SX300.jpg,44,Burn Notice,7.9,7
125,USA,MattBomer,TimDeKay,WillieGarson,Comedy,Crime,Drama,A white collar criminal agrees to help the FBI catch other white collar criminals using his expertise as an art and securities thief; counterfeiter; and conman.,https://m.media-amazon.com/images/M/MV5BNDI5MDgyMTYzNF5BMl5BanBnXkFtZTcwMjAwNzk1Mw@@._V1_SX300.jpg,40,White Collar,8.2,6
126,USA,JamesRoday,Dul√©Hill,TimothyOmundson,Comedy,Crime,Mystery,A novice sleuth is hired by the Police after he cons them into thinking he has psychic powers which help solve crimes. With the assistance of his reluctant best friend; the duo take on a series of complicated cases.,https://m.media-amazon.com/images/M/MV5BYzRkOWRmNGUtYzM0Zi00ZGRkLThhMjktNmI4NDYwZDVmODBkXkEyXkFqcGdeQXVyNTA4NzY1MzY@._V1_SX300.jpg,44,Psych,8.3,8
127,USA,TonyShalhoub,JasonGray-Stanford,TedLevine,Comedy,Crime,Drama,Adrian Monk is a brilliant San Francisco detective; whose obsessive compulsive disorder just happens to get in the way.,https://m.media-amazon.com/images/M/MV5BM2M4NjM0N2QtMDlmNi00NzNkLWEyYjItOTczMjk1ZjU2NDdiXkEyXkFqcGdeQXVyNzA5NjUyNjM@._V1_SX300.jpg,44,Monk,7.9,8
128,USA,EllenPompeo,PatrickDempsey,SandraOh,Drama,Romance,Comedy,"La serie sigue a Meredith Grey, la hija de una cirujana general de renombre llamada Ellis Grey, luego de ser aceptada en el programa de residencia en el ficticio Seattle Grace Hospital. Durante su tiempo como residente, Grey trabaja junto con las doctoras Cristina Yang, Izzie Stevens, Alex Karev y George O'Malley, quienes luchan por equilibrar sus vidas personales con el trabajo agitado y los horarios de entrenamiento.",https://mx.web.img3.acsta.net/pictures/21/09/14/20/10/1210231.jpg,44,Grey¥s Anatomy,7.6,18
129,USA,TylerPosey,CrystalReed,DylanO¥Brien,Action,Drama,Fantasy,"Scott McCall was just another kid in high school. Until, one night his best friend Stiles brings him to the woods, to look for a dead body, and Scott is bitten by a werewolf. Being a werewolf came with its perks- stronger, faster, new star in the lacrosse team, popularity- but also made it hard to control his anger. Scott has also fallen for the new girl in town, Allison, whose dad is trying to hunt and kill Scott. Scott now has to try and balance his out of control life, figure out how to control his new powers, try not to be killed by the alpha that bit him, and protect Allison- and keep her from finding out his big secret.",https://pics.filmaffinity.com/Teen_Wolf_Serie_de_TV-614017053-large.jpg,43,Teen Wolf,7.7,6
130,USA,BrianneHowey,AntoniaGentry,,Comedy,Drama,,"Follows Ginny Miller, a ""15-year-old who is more mature than her 30-year-old mother"", Georgia, in a New England town where Georgia decides to settle down with her daughter Ginny and son Austin to give them a better life than she had.",https://m.media-amazon.com/images/M/MV5BMTQ2ZWFlNmEtNWYyYy00Yjk1LWIxMTEtMWVkM2NlMTEzOGI2XkEyXkFqcGdeQXVyMTEyMjM2NDc2._V1_FMjpg_UX1000_.jpg,58,Ginny & Georgia,7.4,1
131,USA,VictoriaJustice,AvanJogia,ElizabthGillies,Comedy,Drama,Family,"follows Tori Vega, a teenage girl who is accepted into Hollywood Arts, a performing arts high school for talented teens.",https://larepublica.pe/resizer/9l_hbdWkhatiiCu92Xlr-o9PCEo=/1200x660/top/cloudfront-us-east-1.images.arcpublishing.com/gruporepublica/H3IW6RNRQBHPXGFL7VJT4UVCPA.jpg,24,Victorius,6.9,4
132,USA,JennetteMcCurdy,ArianaGrande,CameronOcasio,Comedy,Drama,Family,"Ever since Carly Shay moved to Italy with her father, Sam Puckett has been touring the West Coast on her motorcycle and stops in Venice, Los Angeles. She witnesses Cat Valentine being thrown into the back of a garbage truck and rescues her. They become friends and Cat convinces her to become roommates after Cat's cheerful and supportive grandmother Nona moves to a retirement home called Elderly Acres. To make money rather than getting traditional after-school jobs, Sam and Cat develop an after-school babysitting business called ""Sam and Cat's Super Rockin' Funtime Babysitting Service"", which leads them into a series of wacky adventures.",https://m.media-amazon.com/images/I/81wOdusiMmL._SL1500_.jpg,23,Sam & Cat,5.6,1
133,USA,MirandaCosgrove,JennetteMcCurdy,NathanKress,Comedy,Family,Romance,"When Carly and her best friend Sam improvise comedy at a school talent show audition, tech-savvy Freddie records it and posts it online without informing them. After seeing the girls' strong chemistry and banter, the online audience clamors for more, and the iCarly webcast is introduced. The three teenagers find their normal adolescent lives thrown for a loop when they discover that they have become online sensations as their show ñ which features talent contests, recipes, problem-solving, and random dancing ñ garners international accolades.",https://images-na.ssl-images-amazon.com/images/S/pv-target-images/edf1785f5ed2906b3ef303b2c54a52f0311f293f06cca061c3fd3f03cffb3c4c._RI_V_TTW_.jpg,23,ICarly,6.7,6
134,Mexico,ManoloCardona,GinÈsGarcÌaMill·n,CarolinaMiranda,Crime,Drama,Mistery,"Tras 18 aÒos de c·rcel, ¡lex hace pagar a los miembros de la familia Lazcano, quienes lo incriminaron en el asesinato de su hermana Sara para preservar su buen nombre.",https://phantom-marca.unidadeditorial.es/a729cdae313358c3b62e4c1c35a01d43/resize/1320/f/jpg/assets/multimedia/imagenes/2021/05/24/16218701329936.jpg,45,øQuiÈn matÛ a Sara?,6.4,3
135,Canada,AmberMarshall,GrahamWardle,MichelleMorgan,Drama,Family,,"based on the Heartland book series by Lauren Brooke and follows Amy Fleming and her older sister Louise ""Lou"" Fleming on their Albertan-based family ranch, 'Heartland', where they live with their widowed grandfather Jack Bartlett, their father Tim Fleming and hired farmhand Ty Borden. While experiencing the highs and lows of life on the ranch, the family bonds and grows closer.",https://gcdn.lanetaneta.com/wp-content/uploads/2021/02/%C2%BFCuando-estara-la-temporada-14-de-Heartland-en-Netflix.jpg,44,Heartland,8.7,15
136,USA,JaimieAlexander,SullivanStaplaton,AudreyEsparza,Crime,Drama,Action,Blindspot focuses on a mysterious tattooed woman who is found naked inside a travel bag in Times Square in New York City by the Federal Bureau of Investigation (FBI). She has no recollection of her past or identity. They discover that her tattoos contain clues to crimes they must solve.,https://es.web.img3.acsta.net/pictures/20/04/06/09/39/3306074.jpg,43,BlindSpot,7.3,5
137,USA,AndrewKnowlton,MarkBest,ShaneOsborn,Reality,Cooking,,is an American that features twelve international teams of two professional chefs each competing to create elevated dishes based on the country chosen for each episode.,https://libroshappy.org/wp-content/uploads/2020/05/The-final-table-1200x675.jpg,59,The Final Table,7.6,1
138,USA,JustinWillman,AndrewSmyth,HakeemOluseyu,Reality,Cooking,,"is an American cooking competition television series that airs on Netflix, themed around baking and engineering. Each episode presents a cast of contestants with a challenge that combines baking with engineering, often described using the portmanteau ""bakineering"".",https://upload.wikimedia.org/wikipedia/en/f/f5/BakingImpossibleTitleScreen.jpg,44,Baking Impossible,7,1
139,USA,MelissaBenoist,ChylerLeigh,DavidHarewood,Action,Adventure,Drama,"Kara Zor-El was sent to Earth from Krypton as a thirteen year old by her parents Zor-El and Alura. Kara was meant to protect her infant cousin, Kal-El, but her spacecraft was knocked off course and sent into the Phantom Zone, where it stayed for 24 years. By the time the spacecraft crash landed on Earth, Kal-El had grown up and become Superman. The series begins twelve years later when Kara is learning to embrace her own superhuman powers as a Kryptonian and has adopted the superheroine alias ""Supergirl"".",https://i.blogs.es/0ffe37/supergirl-cw/840_560.jpeg,45,Supergirl,6.2,6
140,USA,RyanEggold,JanetMontgomery,FreemaAgyeman,Drama,Medical,,"is an American medical drama television series, based on the book Twelve Patients: Life and Death at Bellevue Hospital by Eric Manheimer, and follows Dr. Max Goodwin as he becomes the medical director of one of the United States' oldest public hospitals, aiming to reform the neglected facility by tearing up its bureaucracy to provide exceptional care to patients.",https://es.web.img3.acsta.net/pictures/18/08/27/11/22/4429377.jpg,43,New Amsterdam,8,4
141,USA,ViolaDavis,BillyBrown,AlfredEnoch,Crime,Drama,Mistery,"Annalise Keating is a law professor at a prestigious Philadelphia university who, with five of her students, becomes entwined in a murder plot.",https://pics.filmaffinity.com/how_to_get_away_with_murder-762981521-large.jpg,43,How to get away with Murder,8.1,6
142,USA,KathrynNewton,GideonAdlon,SeanBerdy,Mystery,Drama,Sci-Fi,"Follows the story of a group of teenagers who must learn to run their own community after the rest of the population of their town (West Ham, Connecticut) disappears.",https://occ-0-1722-1723.1.nflxso.net/dnm/api/v6/X194eJsgWBDE2aQbaNdmCXGUP-Y/AAAABdbpO2udiJUuqoO7JAF9HOv7e3pDJy90uKTPJonst3Lw6epoVJIQMe9VrmIB9NWVo7oBs9CftPE-tAfFfch7EGN-gjFpqM6kakU-RJ_3B9UE1FnIiHfssvApmwJqmA.jpg?r=675,61,The Society,7,1
143,Brazil,BiancaComparato,VanezaOliveira,RodolgoValente,Action,Drama,Sci-Fi,A world divided into progress and devastation. The link between the two sides - Offshore and Inland - is a rigorous and painstaking system called The Process. Everyone in Inland has a chance to go through The Process to live a better life in Offshore. But only 3% make it through.,https://pics.filmaffinity.com/3_Serie_de_TV-138820677-large.jpg,74,3%,7.3,4
144,Korea,LeeJung-Jae,Hoyeon,HeoSung-tae,Action,Drama,Mistery,"A story of people who fail at life for various reasons, but suddenly receive a mysterious invitation to participate in a survival game to win more than 38 million US dollars. The game takes place at an isolated island and the participants are locked up until there is a final winner. The story will incorporate popular children's games from the 1970s and 1980s of Korea, such as squid game, literal translation of its Korean name, which is a type of tag where offense and defense use a squid-shaped board drawn in the dirt.",https://www.sonica.mx/u/fotografias/m/2021/9/22/f850x638-11346_88835_5050.jpg,63,Squid Game,8,1
145,Spain,⁄rsulaCorberÛ,¡lbaroMorte,ItziarItuÒo,Action,Crime,Drama,"To carry out the biggest heist in history, a mysterious man called The Professor recruits a band of eight robbers who have a single characteristic: none of them has anything to lose. Five months of seclusion memorizing every step, every detail, every probability culminate in eleven days locked up in the National Coinage and Stamp Factory of Spain, surrounded by police forces and with dozens of hostages in their power, to find out whether their suicide wager will lead to everything or nothing.",https://i.blogs.es/7b5613/la-casa-de-papel-temporada-5/1366_2000.jpeg,76,La casa de Papel,8.2,5
146,Spain,ItzanEscamilla,MiguelBernardeau,EsterExpÛsito,Crime,Drama,Suspense,"Las Encinas is the most exclusive school in the country, where the Elite sends their children to study. Three working-class teens have just been admitted as new students after an earthquake destroyed their school. The clash between those who have everything and those who have nothing to lose creates a perfect storm that ends in a murder. Who committed the crime?",https://es.web.img2.acsta.net/pictures/18/09/11/09/24/3649571.jpg,59,…lite,7.4,5
147,USA,Zendaya,HunterSchafer,AngusCloud,Drama,,,"A look at life for a group of high school students as they grapple with issues of drugs, sex and violence. The series focuses on the relationship between two young girls trying to find their place in the world: recovering addict Rue and new-in-town Jules.",https://es.web.img3.acsta.net/pictures/19/06/18/12/06/4123858.jpg,65,Euphoria,8.4,2
148,USA,PhoebeDynevor,JonathanBailey,NicolaCoughlan,Drama,Romance,PeriodDrama,"the eldest daughter of the powerful Bridgerton family as she makes her debut onto Regency London's competitive marriage market. Hoping to follow in her parent's footsteps and find a match sparked by true love, Daphne's prospects initially seem to be unrivaled. But as her older brother  begins to rule out her potential suitors, the high society scandal sheet written by the mysterious Lady Whistledown casts aspersions on Daphne.",https://www.diariodenavarra.es/uploads/2021/01/28/60ad356cd8cff.jpeg,72,Bridgerton,7.3,2
149,Scotland,CaitrÌonaBalfe,SamHeughan,SophieSkelton,Drama,Fantasy,Romance,"Follows the story of Claire Randall, a married combat nurse from 1945 who is mysteriously swept back in time to 1743, where she is immediately thrown into an unknown world in which her life is threatened. When she is forced to marry Jamie Fraser, a chivalrous and romantic young Scottish warrior, a passionate relationship is ignited that tears Claire's heart between two vastly different men in two irreconcilable lives.",https://static.wikia.nocookie.net/doblaje/images/a/ab/Outlander_ver11.jpg/revision/latest?cb=20210206132753&path-prefix=es,72,Outlander,8.4,6
150,USA,TroianBellisario,AshleyBenson,LucyHalde,Drama,Mistery,Romance,"Set in the fictional town of Rosewood, Pennsylvania, the series follows the lives of four girls, Aria Montgomery, Hanna Marin, Emily Fields, and Spencer Hastings, whose clique falls apart after the disappearance of their leader, Alison DiLaurentis. One year later, the estranged friends are reunited as they begin receiving messages from a mysterious figure named ""A"", who threatens to expose their deepest secrets, including ones they thought only Alison knew. At first, they think it's Alison herself, but after her body is found, the girls realize that someone else is planning on ruining their not so perfect lives.",https://media.glamour.mx/photos/61905124a6e030d6480f4ab5/master/w_1600%2Cc_limit/261316.jpg,60,Pretty Little Liars,7.4,7
151,USA,BlakeLively,LeightonMeester,PennBadgley,Drama,Romance,,"Gossip Girl follows the lives of privileged teenagers on the upper east side. Serena Van Der Woodsen is a blonde and beautiful socialite. Everyone knows Serena. Blair Waldorf is Serena's best friend but it's always about Serena not Blair. Nate Archibald is Blair's boyfriend but ever since Serena came back from boarding school Nate has been acting strange. Chuck Bass is a rich and arrogant person. Daniel Humphrey, a lonely boy from Brooklyn, NY, who nobody knows. Follow the lives of this guilty pleasure show.",https://es.web.img3.acsta.net/pictures/13/12/04/16/18/394160.jpg,42,Gossip Girl,7.4,6
152,USA,SashaPieterse,JanelParrish,SofiaCarson,Crime,Drama,Mistery,"Everything about the town of Beacon Heights seems perfect, but in the aftermath of the town's first murder, behind every Perfectionist hides secrets, lies and much needed alibies.",https://m.media-amazon.com/images/M/MV5BNzM3NTc4MTUzM15BMl5BanBnXkFtZTgwMzQxMzI0NzM@._V1_.jpg,42,Pretty Little Liars: The Perfectionists,6.9,1
153,USA,AnyaTaylor-Joy,ChloePirrie,BillCamp,Drama,MiniSeries,,"Nine year-old orphan Beth Harmon is quiet, sullen, and by all appearances unremarkable. That is, until she plays her first game of chess. Her senses grow sharper, her thinking clearer, and for the first time in her life she feels herself fully in control. By the age of sixteen, she's competing for the U.S. Open championship. But as Beth hones her skills on the professional circuit, the stakes get higher, her isolation grows more frightening, and the thought of escape becomes all the more tempting.",https://m.media-amazon.com/images/M/MV5BM2EwMmRhMmUtMzBmMS00ZDQ3LTg4OGEtNjlkODk3ZTMxMmJlXkEyXkFqcGdeQXVyMjM5ODk1NDU@._V1_.jpg,67,The Queen¥s Gambit,8.6,1
154,USA,KieferSutherland,AdanCanto,ItaliaRicci,Action,Drama,Mistery,"Kiefer Sutherland stars as Tom Kirkman, a lower-level cabinet member who is suddenly appointed President of the United States after a catastrophic attack on the US Capitol during the State of the Union, on the highly anticipated series Designated Survivor. In this dramatic thriller, Kirkman will struggle to keep the country and his own family from falling apart, while navigating the highly-volatile political arena and while leading the search to find who is responsible for the attack.","data:image/jpeg;base64,/9j/4AAQSkZJRgABAQAAAQABAAD/2wCEAAkGBxITEhUSEhQWFRUXFxUaGBUYGBgXGBgXGBcYGBUdFxUYHSggGBslHhcXIjEhJSkrLi8uGB8zODMtNygtLisBCgoKDg0OGxAQGy0lHyUtLS0tLS0tLS0vLS0tLS0tLS8tLS0tLS0tLy0tLS0tLSstLS0tLS0tLS0tLS0wLS0tLf/AABEIAREAuAMBIgACEQEDEQH/xAAcAAABBQEBAQAAAAAAAAAAAAAGAAEDBAUHAgj/xABHEAACAQIEAwQHBgMGAwgDAAABAgMAEQQFEiExQVEGEyJhMnGBkbHB8AcjQlJioRTR4UNygpKy8TOz4hUWJDQ1U2OidMLS/8QAGwEAAQUBAQAAAAAAAAAAAAAAAAECAwQFBgf/xAA2EQABAwEGAwYGAgEFAQAAAAABAAIDEQQSITFBUQVh8BNxgZGxwQYiodHh8TJSQmKSorLiFP/aAAwDAQACEQMRAD8ACuzX2Z4nGph58NJG0Mh0yPfS2HZfTDpe7fp0ne6303qzBnsaTTYZ2Ld1LIkchteRFcquq22uwB86Jvs0+0XD4ZlwH8KMNHpkJkaTW7zhb3kbSo8WnSLDmoG1AXaXNMZmKHGvhogqNaSaCLSQbAjvSCWta1mbbawOxFTQzuhdVvkoJ4GTtofA7Iz7VZLCymMtrUBiJBbYgkeGx5Wsb8fVYkSWZsAYopGLxyJrJH9m3eOvh6iyqSP1e/Zwcs0Biw2NXRM8SyKp9LQxYKsg/DJZb6ehF7G4qxmmXJOhRx6m5qeo/lV+eyx2yEEGp3+/X0VKxcQm4baMMBtmKe4Ooz7iKq/jcMgjhdG1d4oY7gjcKbbDz6nhyrFzzL4DhRiC3iYnXGfyiwB2GzE2tv7OdYGBxb4J+4n3jJ8LD8P6l6g8x9F+1+PDaIVIK2DEjgbjwey2/urmf/nfHNdI6C9APEYbRYDLWpGnM1ujuxrUZtBBobwUEGDE2CmmaVi0DIscZI9BuJ4G9vZ8BUfZjKosQ0olm7rREWU7eJ9QAUA+kTc2G1zYXFYRpAVokk4lcoBQUClU1tdmstGJnSGR9CkMdVwNwCRdj6Ivxaxt05jHU1JHJpa49o9expE9aeU5eGliDkKryKjMbeG7AEm+1t+JogfCJESoNyoj7xbi6l4ldgDcg6X1pY80NZ2VKHUqfxKdOrezDgfPcEHyPlSxs5MgZRa6C442/qCCL01JiUVQYtICIVZyO7V1ZtO5Ka2UadrrcD1g+VTZkAFE8cgJbuhJBzQsrkki29ioG3JuVhceyuTWNDi9rlTzBHAft8a1cLgTKwsLHqOnQ/XSiqLuKqtl8bwSTq2l0kCqnDjpvuLnTfgTbTbmNqbLtOKWZJ5NDRRswYgXkYciptd9jttfbcGiJ+zOtSCov+YDf20J51lEkZLMCf1fmta1/O16SqddwUHZyNMSf4Sc+ErI0bXAIdUd1AvwJKgD3eVaeTYl1mTCYk7swEeIOysOZck7FRx/2JDuDG49XLrwNEmEZMVG0cviI3uOIB4EE8xw50MnfZXdozI5j3+6uCzx8TYLPLhI0fI7elSWuOdKHDYDljudo8AnjF9QW2lxY3DWC3sbHYi463rEzbArlxWSGXvopHkDoLXUIsW9gdiWZ7HgVC+ybLce8bjDYk3b+zl5SAcFPRxt9WJ0cdgFkW1gCOBt+xHStqSKK2xBwNR7rmYZ7Rwu0lpBa4Hy+4KuYOCGXCnEK/WykrZvEq6dN7liGY8OCG/WgHtHkPd3liHg/Ev5P+n4VOjSYKQ7Exk+NOn6l+vL1E+HnR0DodSsP9wR8q5mWOSxycvX8r0GzTWfi9moT82elW9249cjkCuV0qJu0eQ93eWIHRfxL+T/AKfhSq7G8SNvNXN2myyWeQxyDH6EbhbXaHJFlj1LtIoG/wCYDkfka2fsbzvBZe7ticSyyzlYu4CNoQa9nmdgBfc2sbBSb3JsqliBtfcVh51kAlUldpB6J5MOh+RrbtNlEo7SP99Bc5ZbWYCYZqihIx/xIzB8fL02ftszTL5cXKqxTjFxaUModRE1gCLobna9ttO/WsfsxnhkXu5b6lsA9tmvwDHk23t9dRfZ5hMTiM0W8QnuT/FCUXTujtIZCRYHmP1BbV0z7SOxeBiy9MPhJsNg7zd+oml098VVlssjEsdIk24gXHC96zYZnQuvN8RutS0WdszbrvA7dahB2a4GOeMpIOG4bmp6iuZN5b8qLMF2hvFLFMR3ipIAwIIewI4jYnzHGhE1Zt0jJLrm6g1/Kr8PikivtfpT3xHf7Y4phUyrXmNalWs9aYSRKl7g1Lh4963YMu1KLWvTSU8NqoMqwxt05itTCZczObjgbkesc/KtTLcvIFrWJouyHIvGWI4jf5fOkSltFmZF2eub2+uNGWXZCqDh0+H9K18BgVUcK044xalom1WfHghwtWbm+QpIjKQNwR7eVEZUDhUUvCmpc1844rKjreMgjSSPVbp7AfdUeUkROpY29JWPK+1vZcj310LtXgxFj1bgsq9Pxfzvb/NQhneWHucS4XZUY7f3rA+y/wC1BbfaWnVKyYwytkbmCCrGOwaSoY3G37qeRB61Wy3MHjcYbEnf+zl5SDo3R/roTjdm8/4QzHyVz8G+Roix2DSVCjjbl1U8iD1qtZrTLYZd2nTcbhdDb7BZuNWYPYaPGR1B/q7l+xhlYzDArKtjx5H5HqKE0aTBSEgExk+NOn6l6fQrbyzMHjcYbEHxf2cvKQdD0f68zo5hgVlWx48j8j1FdNJHDbYajGq8/hmtPCrVdILXNOI6zBUWHnSRAykMrD/cEfKlQwjSYKQkAmMnxp0/UtKuUnsUsTy2i9KsXHLLPCHuddOox/KJoprbHhyPT+frqZxYbeyqGqpoZxwPDl+n1db/AF53uGcSNnPZyfwP/HmOW4x3Cp/Efw4Le0zwACYeAeBoef8AV3cCQAC3IznIzL6J8fG/AMRyPv2PnWFnGdTSwYfCSj/yveqhN9WmRlbSb9Cth5WHKjw8Kxs/yVZ11LYSAbH8w6H+dbtpsglHaR5+vX1XnlltjoHdjMKUwxwLSNCPXb0BIuPv+FerV67sq2lgQRcEHkaasdbzVItODXkU4pE5auXMdvR36/7Ub5Ouw1BT6lJ+Vc9wg3GxO/nRfkOMdSPuj/ntw9ZphUrV0DLoY2uVtccuY9h3olywqotwoYwuNbSC0Le4Pb2gmwrRweZQk23HscCkqn0qjCNxwqwjViQOpAIbb1mr6OOoPtNOUVFbZr1HJwqESHmPdSlfbakS0Qr9oOB7yJHA8SOD7DtQTj5v/D4hOZhmuf8ACzezb5V0nPWHdkNzBNvV8K41nONZEn53RwP8YtfbgBufZStUcoXO6L+zef8ACGY+Sufg3yNCFKkkjbI265TWS1yWWTtI/EaEbH76LqOOwaSoUcbcuqnkQetVsszB43GHxJ8X9nLykHQ9H+vXjdm8+4QzHyRz8G+RqXtdmUYXuAAz7E//AB9N/wA1QWOaayTXRiDmNCN1s8Xs9j4nYu3Lrrm5HUH+p3rp5jDIlzDArKtjx5H5HqKVYPZftHrtDMfHwVz+LyP6vj6+L11jDHML4xXm0gkgdcOHWit0q8YadZFDobg/t5Hzqa1cIajAr3hrg4AjEFSQTW2PD/T/ADqzbnVC1Twyi1jw/wBP87/XnrcN4kbOezk/h/15jluPELlfiP4cbb2mezikw8A8DQ/6v6u7gSAAW53aDKllAcELIOBO2r9J8+lBJXe1EPbGb7xEHALfjzYm/wAFofXjV62yMfKS0eI1XG2CGSKKkla7EULaEimPQ+g9CnUU1TQIeVVFeVvBIb34US5ZhCSPFbzF9+vKsPDBbWJ0keW1FvZKLU1mAIvtbhY7nh6qYpWoqyN2ibSxBU8GXl1uK3l7xWsWDA7qRcfOh+HB2AN72Nj67D3c/fWhh3N9J23FuOxt8CKSiUlEuG0ta6qfZv8ACrzYZbbC3qLD51kZWxtvvatVXFrbj30tE1Pa3A3/AHpBr8BUyoDw+NMVABHOkQhztjIVgZr8B7/bXJ8vxOt7EX8BN/YOPXY2rsnaqINhZgf/AG3PqsCflQP2T7PRJhpJZgCxARG6EgDw+eo29lMe0uYWjUKxZJBHaGPOQNVzTtHkPd3liHg/Ev5fMfp+FDFdYNB3aTIO7vLEPB+JfyeY/T8Khs1pvUa/wK1OLcJuVmhGH+Q23I5bjTMYZDFOTTUqvLm04NKtnIMkfEvzWMHxN8l6n4e66qxHZJJG3mjBVpbZFE6644r2jPhX1L4o24j659DRRh51dQ6G4P1Y+dVMbhLXBF1P1Y1hqz4V9S+JG4j64Hoah4hYM3N660PgVr8A4/2NIpTVp+nWo1zGOZZTVHh51dQ6G4P1Y+dSVhUovQmuBFQagoa7VQkSI/Jlt7Utf9iKxV40Vdp1vAT0df8A9loVWtOzOrGOS4njcQZbHEf5Ud54eyevUchBuK8mmtep1kq9HmRB3G3sPyrdyntN3RFtqF0wjnh8aidSDY0lEoJC6nge0wa9iLswNvifhWpm2ZGNdfLVGR7xf68q5HlkxWRSOo26123G5IZcDcC7aRsabSikBqF6yLtfFp8R4Vqf96IS3hbc8Fte9ccxmCxMexQ+yrGHXM4WBiDkG34AR77GgAlDqDFdpGa4i1+7uo47G9vVWhh8aJBcEbi/9KAMszLNMOytNGJ4yt2CraRL2HEbE+VqO8NdiGta4BsV8QuNxblRTFMrgoe0TkYaa3Hu2/cWoVx6FIsK7H7sGWVxwF9JcE+oFqIu10v/AIaXY7gC3MkkD51jdqYtWXGM3UsAgYcQCCWt5Ebeo05jDI4MGZSiURAyuyAPogfAY1JUEiG45jmp5qw61PQHFJNgpiCPWPwuvIqffvy94o1wWLSVA6G4PLmp5gjrWVaLM6E006wK7HhfFI7aytfmzNNeY5bjMdyFO0mQ93eWIeD8S/l8x1X4UM11i9BvaPIe7vLEPB+Jfyer9PwqzZrTe+R/gVl8W4TdrPAMNRtzHLcaZjDLU7IZ2hVcOwCsNlI2Df8AX8aVA6m2440q34uIOY265tfGnsuIm4a177zXUrpSvuOvIdKIvsazMbhLXBF1P1Y1bwOMSVA6HbmOYPQ1MwB2NabgJBVZDXOidQoTR3wr6l8UbcR9cD50S4edZFDIbg/Vj51UxuFtcEXU/W9YsbvhX1LdozxH1wPnXO2+wZuaOusvJdzwHj3ZUimNWHLlz+48Rz1e0p+4/wAa/A0LpRJnc6yYbWpuC6+z19DQ2tVLLgzxKvcdcHWoEYi633TkUkiJ4CkTVvCMCbGrCxgEsPI6+XrFQToSbmtsjbrWTjW3pAU4hPlUV5o16svxr6ayFgYQDwsPrevn3shl3eSBiDtwrvuRbR78bD9qTVKMlndr+x4mXvITplHLgG/rQ9kf8dC+h4Qbfiva/SxroztqXzqrCwbja4oolBNKKTLsMxAaQ79NyB13NX5QoqCOW3AVFJIeNBKaAqeYYUTWRjZbgn/DuP3tWD2xQrh4gfzXPr0/70QQW1eK9vKsL7SsQseHhZ/CplCA8hdGI1dBta/nU9koJ2kqC1gmzPaNQue5tliYhND8fwtzU+Xl5UERSTYKYgj1j8LrvpIPwPL3iuhXqnm2WpiE0Px/C3NT5eXUVsWyxtnblj69/WCweH8Qkssgc0mmeGYO49xrjmV5wWMSVA6G4PLmp5qR1qWSRVBZiFVRuTwtQLFLNgpiCPWPwuvIg/A8veK95vnffOo0nuVIOi+kt1uRex5DjauSfYXCS7p1h1mvS4viCJ1m7Q/z2GR2IO2+oyxwWbmDxtIxiUqhOwP1tT11fOPsgEWCnxOH77EyOsTQQsndyxIWV5DIl7vIFuukAWudr2sq0AKCi5V7rzi7fbAeCCcZhniczwgW/tI/wleZHl/prVwWMWVA6HbmOYPQ06MCFINwdwRWTjMK0LGaEbfjj5Feo+vDRw7iJiPZyZenXXPX+Ivh9s4Npsw+bMjfWo9x4hbbC+xrNxmFtcEXU/W9WsFi1lUOh25jmD0NTnfY10jmtkFQvPWOdG6hQhMhhuPSifiOnT1MORpmy17a4/vI7E6xytx1A7qR0rexmFsCCLqfresaJ3wsmoeKNuI6jz6HzrCtdmdHVzB4dfQ+C6nhtthmuxWkmmjhmPWo3FOY1Ds408L2NKQC507i5t6uVeagUtKGhWm2N8NZsj6jTFqjBpKIJXRPs9xUdtDbHff+nSutZPiVOxawA95r5ty7FvG4ZDv8a6H2WxuOlJiQKrW4tewvw2G599ATwaii6dmmOMKJKD4Q2l/U3on37f4q9R4oMQy8+lVcP2ZY4YxzzNI7WJOyqDxGlR8yax8FHJh37qTh+FuRHDb9qQ1T20KMVn869F7iqOGII2q5famphUOExSK+liLkEi/Qf7igT7T82XFIMPH4lRtTfqIBA0nna53626Vh/aB2jCY5Ym9BY1BI4ozEn3adG1VwRa/HoarWiZ7MAPHrrZb3CeHwTtMjnVIwu7Hc78tM1i5PmphIhmN0O0ch5fpby8/lwJ71hZnl4cHa5PpL+bzX9VVMozUwkRSm8Z2jkP4f0t5efy4bXDeJB4Ech7j7Fcpx/gL7K8yRjDP8j3H4rp9o8KkkNmsCD4Tzvzt9cqB4ZJcNKrodLodSNYGxHBluOI5HkfOuksoPEA1RxuURyxd2dtyVbmpJvt5eVaFqsnam8M+uusMSx20Qi67KvXX6WBju3OLmwP8ABzSyyHvxKJWkYsVKMrRsSblbkED1+VKh/MMC8LlHG/I8iORB6UqxCCDQ5rfaQ4VGSu5NmxiOlt4z/wDU9R/KixHBAINwdwRzrA7K9mzicYmEdZLNq1PHY92LbSNqsDGDYncEjYb2ok7X5MMpmjgDrLEY0Dt3iGTvTdnbuQ2tE3Wwta1tySb1bRZ61Iz1W7wri3ZUikPy6Hb/AM+d3uWFjMK0LGeEWA9OPkR1H1tWpgsWsqh0O3Mcwehr2jiwINxyI51kYzCtCxmhFgPTj5EdR9eGrHD+IGI9nJl6ddc4eP8AAWzA2izj5tRvzHXMLbIvsarrgUNww1A7WPSlgsWsqhkO3TmD0NR5zie7hZuZGlfWf5C59ldG5zLt84jNcE1r71wYEmiEpgoZgm6hiBfpfaoqjiNSVzi6oYBNXpFubU1IPQlWz2ZwerEKDuL11TLwIMxFhZZY1IO+xHhOw9lcfyvM2hkDry5V0fC5/Li3jeGCRii24WF7/mO370ie1dX/AIgcKoZhAsg35bjrQ3hmzWRrNHDGvUuSR7ANz7amxOT4oKXbEm4G2lAF67g3P70Y6opsVp5PiDqZDcFSAehFhYg1pzSgC56UPZFMNGpuJtcmqPbTNHGEnMfFUYA+vYn2C59YpGtLjQJHuDRU5Lj3aXG/xOImm5PIxU/pHhT/AOoFesgzsxHu5PQ5H8p/lWZHwqHELvfrTpI2vbQos1pks0vaRnEfXkeS6QCLXG4POs/M8vDg7XJ9JfzfqXzofyLOzHaOQ3j5fp/pRaG5jcVkvjdC/rFd1Z54OIweo1B6yOuIIWRk+aGIiGU3jO0ch5fpby8/lwJL1iZlgA4O1yfSXr+pfP69dbKc1MREUpuh2jkPL9LeXn9DpeGcSDwI5D3H2K854/wB9leZIxhsPUe407qV182y1J00tx/C3NT/AC8qerd6Va8lnjeauGK5qO0yxijHUCG8wy9ZRYnfkeh5ezyq/wBisBDjcW6ZrIlmWGNXaXRMZFCxw92N9d1XSxYW3uTe1Z+Axuu6MNMi+kvzHlUOaRRafEwVhupv4gR0HE1mzxMmZ2jCO9a0EskL+yeD3UyV/tLicPhsdLHDIkmH7xwERJE7jSdOmzjxWtuQTq3PE2qdGuAQdQO4IrEybtOsETBsNDPiO8LxYiW5aMspDGwIMhudS6jZW8ViTsP9+2nTqOn8tzb3ViSwB5qMF1lh4q+zsuPF4DLHLlXbzpoiDHBYH72Jl39OK43/AMPL5VSz7MVl0BL6QLm+3iPL2fOsanq1HI9kfZ1qFmWpsU9o7drLp2B+qQqcGoK9oaYkUlPTVNhsOWNhQlWrkGLVWuVU233APxo7yjtYyhfuwoLclHChDJMq8YufWOo510vJsBHYC39D6qbVSglEOAzQSD6FWZZQRVSPDheHD6/rUWMnCKT09/upM01ZzqENuAvwHPytWb2wNsHIvMxSsf7vdkL8z7RVjBDvGaR/RHH5KPnWZ2zmJws7nmjD37fOtSwwYmQ6A0WFxW1VuwNzJFe6oXI4KaZbilDUlUhktR38lQreyPOTHaOQ+Dkfy/zFZLqOleCnSoXsDxdKt2W0yWaQSxHH1Gx5LomrmKo5jgQ4O17+kvX9S/q+vXhZHm5jIjk9Dkea/wBKKvMVmuY6Jy7mzzwcSg9RqD14EeIWZlGZmMiKU3Q7RyH/AEt5ef0FU2Y4EODt/eX5r50q2rNxhzIw1wBouE4j8KO7clhoDjgMPT6IWx+ZNIwcAIRwIvq9rc6osSdzua80qgAAFAmyPdI8veak6pUqelSpianpGmoQnpClSFCF7Bqxh59JuKrUgaEtaI2yDGAgEWJF9ue/T3UXZVnNiVIsRXJMJiWja4ojy/GSufCntJsBRRPvLrJzRbbmsTF4x8RII0NkG7Ecx8h8aGHlmciJTqc2230qOZY/V6LMqwSxJoBu3FmPFj1Pl0FW7LZ75vHJZtutnYtut/kfpzPsPHat8KqqFXgPq9DX2i4oDBkc2Kj9/wClEltq519pOJ/4cfmXPwHxrSlIbE48vXBYdlYX2hldSCfDH2QZHUgqKKvdYwyXTEYrzKKjqVxUNNdmntT1q5VnTRDSRqXlvYr1sflWTSqNzWuFCrEFokgf2kZoVuZznhkXRFqCkeIm1z5bcB8fiqw6VDGNYKBOtNrmtEnaSOx5YAdwXilT01OVZPTUqVCEqVPalahCVNT2pUITirWFw+o1VWtTDShF1Nw5Dmx6eQ86miaCcVHI4gYLXw2Ch0ffEKvJ72IPl1qxhmwsSn77WSdrEbexCxb9vlQviMUZN3JuPRA9EDnt9edT4NmW9jYMLHzFwbe8CpnTNccGjxUDYXtzefD75/ddW7O5dEIw0ZDavxA31e3nWqAorlmSZpLhD3kZBRj44r8bW3t+E9G5+ddEwWZR4iMSxG9+XMHmGHJhVyKUPwGHJZNoszozV2Ndfv15K1NNXKe3M+rE2/KoFdHnk2J9dclzubXO7edvdTbW6kVNyFJw1lZi46D1VRKkqMV6vWWttOTUTV7Jot7MdnuE0w80Q/szD4CpYoXSuutUM07YW3neW6XZbs5wmmHmiH9mYfAVX7T9ndF5oR4OLIPw+a/p8uXq4GtKtg2SPs7n11rv+MqLEFtl7XtPppTb8518lyGlRR2n7O6LzQjwcWQfg8wPy+XL1cHrGlhfG66VuwzslbeaUKUqVNUKmSpxTU4oQnpUqVCEqY09PahC9wpc77Abk+X86U8pY9ANgOgqebDkILdd/X/SqVSPBZ8pTGkOxUyjUbKDvy48t/51ehckKpOw4AnYXO9unsrMWtCG2k777WFuPXflSMzSvyTzCzFb3sSLruD6utT5DnMmGk1C5U+mnUdR5irfZzCB3Z24LsPWf5D41LnOUhjqXY1abBIWiRpx66oqj5o7xicMNevdFuJzBHhMqG4Ivf8ApyNcvla7E9SfjWlHJLAjLe6NxF+B6isgU21SlwaCKHGqLJAIy4g1BpRSClSpVWVxeDRr2X7RarQzHxcEc8+gY9eh5+viFmvNSQzOideb+1DPAyZt13gdl2ClQp2X7RarQzHxcEc8+isevQ8/XxK63opWytvN/S52aF0Trrv33JUqVKpVCuP01Ktrs92ZxeOLrhITKUALAMi2DXA9Ijoa5ZdesmNCSAOJIA9ZqXGQaGK6g1rbjgQRcEe+rufdnsVg3CYqF4i1yuobNbjpYXDWuL2PMVXynLJcTKkECa5XJCoCBcgFjuxA4A0Jai7SmO/tTn7d6U2DKxrJqBDW2HEcePu/evcuX6ZhCWG59K22/wAq1837A5lhYXxGIwzRxJp1OWjNtTBV2VieLAcOdDsELOyoilmYgKqglmYmwAA3JJ5UlDupO0j/AKbanTP/AHfTRSx4cFHfUBpIsDxa97W91ekw5Gg/+4Nj0Oorx67fvWpn3Y7HYJFkxWHeJGNg11YX4gEoTpPHY24HpVDJMslxMyQQoXkfVpQEAkhSx3YgcATueVOaDXNR3m0xbpvrWtfLCnirq4O6uLjwcfPjw93uv0rKgh1OEva9/wCfDmfKtcYYrcMLMpII6EbEftT5L2Qx2O1NhcO8iA2L+FUv0DuQCfIHpVi0MIANeqKOORhODcs8c8T5YYfVZ8WXXd01r4Be/I7gW9e/D115gw4IUmw1Fh0tbTuT08X7V7znJcRhJTDiYmicAHSw4jqCNmHHcX4VLgsumMcs6Rlo4e7EjjSQne6hHqHQ6SL22Nr22qu0GuJUz3sIwbTPU71HkMOeaI8lwYRe7BuT4jx5ja45GwG1eMZ6HeariwPx/lVTs3g5+5lnCXgRlVnutlduCkE33uOAtUEri9asTnGJtDlgcNs/PPksyRsYmebmd4j5sq0ppjdx2rXReM0wxukeoeMrY9Lm2/qvWAykGxFiOR41rZzgpFiimZCsUved0+1n7s6ZLWN9ibb1XyPJp8XKIMNGZJCCQoKjZRc7sQKzpiS/E1V5pZc+VtMd64Ycu/Hmk2XHXGmoeMAg9L15iwBYyDUBovx52vw91b2O+zjNYY3mlwjLHGrM7a4jZVF2Ng9zsKHcty+SeVIYVLyObKosCT6zYVDQ79frBWO0irW5hXK8cqZZb418EosLfu9x42t6twN/fUkeXMXdLi6Anfnb4ca38R9m2bIjO+EcKqlmOqPZVFyfS6ChfC4dpHWNBqZ2VVHVmNlG/maCDoeusEjXRil5ld8aVw7t8fooaNuy/aPVaGY+Lgjn8XRWPXoefr40M27A5nho2lmwkixqLswKuFA4ltDGwHU7UMVPDM6J15vXW+iqTwNmZdd57dajVdgpUK9lu0Wq0Mx8XBHP4ugY9eh5+viq3opmyNvN/S5yaF8Trrh+UEV0b7MXK4HOSCQRhFsQbEH7zga5zRD2T7XYnLzIcNo+9Ch9aBwQpJGx9Zrm11JRbhMTPN2dxjYxmdEng/hHkJZtesLKI2bcgKTw6v51i/Y9/wCsYP8AvSf8mSsztN2vxuPK/wAVLqVfQjUBEXlsqjc+ZuaoZBnEuExEeJht3kZJXULjdSpuOexNCRF/bybLrTiDF42SfvjeKS3c/wDEOsbchy9Qoa7HYiePG4eTDQtPKkgZYlBYvbdhsDba+/LjyrZzj7SsdiYZIJVg0SCzFYVVuN9m5HahfLMwlw8qTwuY5EN1deIPzBFwQdiCQaVC6P2pEWPwOKxuBxGJRUlSTF4GYkqHlbSHja9iLgmxvw/DYCsL7G//AFnB+ub/AJElV+0f2hY/Gw9xM6LGSGdY0VO8YEEGQjc2IvbYXt0FsjsvmsuFxUWIhIEiFtJI1DxIym457E0oFTRJkFp5++l5z/8AJL/rajDtuT3eUwDEPhctfCRnvlVmTviC0hdEILv6Gx4F2PWue53iC1yeLsWPrJuf3NafZrt9jsFH3MTq0NyRFKgkRSTclQd13ubA2uSbXqxanVfTYKGBtG13V37RMnaKPB4g498ek8cgid0ePSkRUAAOxNiXPThzvW19k+arhcDms7xCVFGBDxNweN5JUkFjsfCzcdqCu0najF491kxUmvQCEQAKqA8dCKLDgLnjsOlR5dnc0MGIwyFe7xIiEgIubRMWTSfw7sarhTLqWcZRBhclxc2Ek7zCz4jDSwm92Vdaq0b331KQRvv13vXOIMO80qQxC8krqiDlqc2F/Le58hVaDPJkwsuDVvuJWR2Q72dCCCn5b2F+oA6VJkmdS4SaPEw6e8j1Bda6gCQVJtfjYn31PE8taQontBIK7V277KyS5bNhEg0x4GOF8LLqUtNojP8AEXRSWBtq2I3Nq+eoZmQ6kYqeqkg+8Vq5J2ixGFxX8XC/3vj1FhqD676tY/Fe9/XasqR9RJsBck2GwFzwA5Cq6mXQ/tQxUn8NlI1vZsvi1DUfFcC+rff20GdnkjOJiEoJQt4goRiRY8FkIU+016zrP5sUmHSUqRh4lhjstvAvDV1O3GqmWY5oJUmQKWQ3AdQ6n+8p2IpQaGqaRUELpGOweWiNysU2rQ9rwYIC+k2uVluN+m9AHZX/AM7hP/yIP+YtbuI+0PFOjIYcGAylSRhogbEWNiBsd+NC2CxTRSJKltUbq633GpSGFxz3FSSy9pTPxNfYKGCHsgRh4CnuV2KHMcYO1MkUDyGMzDvY7sY+67te8LLwFr3B62rlfamOJcbilhsIhiJhGBw0CRgum3K1reVEOafapmc6NGZljD3DmKNUZgf1+kPYRQRUSsUSpUqVIhNRH2F7Of8AaGMTCmTuwQ7M1tTaUUsQi82Nvid7Wocog7GTYVMSGxbzRJpbRNASHilPoPtuQN9hve3qoSleu2WU4bDTKmGmeVSt2SWNopoWvYpIpAF+e3XhwJHqO/tN7Q4fFDCJFM2KlhjkWXFtF3Jl1MDGujj4AG4/m4kkmgQ0ICMJ+yMax5U/ePfHswcWHgtKkfg67OTv0rI7X5QuExs+FRiyxOVDNa5Fgd7bc6NMiz7LZsNlwxmIkw8uXSOwVYmkE6mQSKFZfQPhUXPn12Cu1ubjF4zEYkKVWWRmVTxC8FvbnYC9KmrOwUOuREJsGdVv0uQPnXSs++zvCRfxYwuKkefBKsk0UkdlMZAY6ZF2vpN7c+HnXN8ulCyxs2wV0JPkGBNdb7U/aLh8bHmOEbEMkT92+ElWNxq0qmuKQKurSzA7sOZ5ACgGhqhcozV7sB0FbHYXs/Hj8Q2FeQxyNFIYCLWaZRqVXv8AhIDG46edD+Jk1MTVjLMxkgmjxERs8Tq69LqQRcDiDbcc7mnyOvPJSMFGgLc/7shMtbGzs6SNiO5ghsBq07zM99wBZl9a70Oq370Zfan2shx88Yww04eJCVXTp+9mbvcQ1rcSxAJ5lSed6C1NNCVEeVdnkly7GY0uwbDPh1VABpbvXCnUeO1+VDmvj66K8kzqCPKcwwrtaad8KY10sQwjkDP4rWFgOZ3oQJoqiiJeyvZxMbDjNLsMRBF30cYAIlRT96OF9QFrW4lqWddnEw2AwmId27/FF3EVhpWBdlYnjdrqR5E9Kr9iM+OBx0GJ30q9pB1ibwyC3PwkkeYFWftBz5MZjHkhFsPGqQ4dQNIWGMWSy28IJ1MAeGq1IlQzR3l/ZDBQ4aDEZningOJXVDFFH3j93tZ5DuADcEDp53ABK6H/ANpZZmGFwseOnkweIwsaw61iMyTQqfAAF3VwOZ2uTx4ASlDvbLs0cDKiiQTQyxrLDMoIEkbcDbk3UX5jrQ6aK+33aKHFPBFhVZcNhYVhiL21uB6TtbgTYbeV9r2AoaRIurYj7McISMPDi5P4w4UYlY3jHdsum9u8X0d9r/GuU12zF/aVhZS+DOIZMLLgUjE6xsGhxChg2wUO6EaQeI2FrXJrihHt8/8AelQCmpUqVIlTUqVKhCelTVq5DLArucQAV0eG6s41a0LbKym5QOBuNyNxxAhZdNW0ZsL/AA5ULaT+IZt/T7iyaVDabX9Pe49R5esU+FeSWxVEMf3RCOArCVWUMLklu7BUncXPP0iqKrDp63YZMEEw11cukimfbwyRs12A8X4QAvAXLN5V7kxWDIxWlNJcRdyCD4fA3ejYEBixXoNjaw2oSVQ/XqruAniVZRIgdin3Z38L3072PDSztb8yJyuDoNisHog+7uVeEuArBiqg/wAQHctZ9Z0lbcACNvxCFhWr1et7CT4FJHDIZU/h9CtpYXnup1kXuFtqB524b2rGw7oEkDi7FB3Z6P3kZJ/yBx7aEihY1GaJ5sVgDJG0cegXn1hlZk/4Srhza5JXWCxHUtysKrmfB6cVpSxbu+5uDtZW73SPFpu2kgFth+I23EtVgCvVEWHx2DM0OqELGkOmQm57yXuLXKgGwEu/A/ACqs2E/hpFKH+IuxRxfTYyQ2BF9vCsljba5BvcaRFVj01E8mLwHfQkINAD6/CwG8YEQYEtqYPqJYC1iNjaq0WIwfdyB0PeasQY3W9rFFWFSLjw6izXtcaQLWJsIqsGlRBDiMH3mGLKvdqPvV0Nq1aFDF2udYMmphYbKeH4Rj44qZHKW0lm024abm1thtbyFIiqr0qalQlSpUqVCEqVKlQhKnpqVCE9SQJqZRe1yBfpc2qOmoQiVuz0QF+91AsoBVbgAyMl3tfTbTuCRz3O1RDI4xIU70taMvdFvezqlgF1G99fLgB52wKahIiWLIoWYqs5YrpBAXm2rn0Fr9BzI4jymQxkX7xhyvZbW8P3oOr/AIXiO/6T5gUckxMETmSZDIQG0R2UoxZGXx6uFiVYEA+jw5jfiz/Llsv8LrALkMUiDEtrK6gCQQNZWx/Ih2talSLLxmSxoshEjEooIupAN733IAsbbcjyLHashIfu3f8AKyD/ADhv/wCK2cxziBmxJjiQCVUEY7iJO7sRrYWuVNgQNJ31EngKxlm+7dObMh/yh7/6qQqWK5eN/KjvO6bv1or2AysSRh9VvvCpFuA03Un27e2pWyyMd0CZfvNO+gBDqW/hOrexI/eosuzQRIF0k2ZyeWzKAPbcV5lzJSYz3dmTR4tZIIQW9G216gIkLjstljuHNhbUC/Rta3+Vcgee2NcdFNLlsYSR7yHQzLsg4gDd/F4Rc1XfLgHxC3NoQT67MF9nGo8Vji6ldNryM/HryqebM1ZpWEVjKCG8ZO5ZWvuPI++lAkGJ6y/KZJJYHE3QABydjg/DI5OuZ/dR5ng1j02bVqJI2t93toJ8zvtytWdWjmWOWQLZdJUsF3uO7/AvrG+/nWbUjL10Xs1RtvY9u7saXMKUrsK5451zT01KlTlUSpUqVCEqVKlQhOaalSoQlSpUqEJUhSpUISpUqVCVPSpUqEJzTUqVCQJqRpUqEJCnpUqEJqVKlQlSpUqVCRKlSpUISpUqVCF//9k=",48,Designated Survivor,7.5,3
155,USA,ElizabethGillies,RafaelDeLaFuente,RobertChristopher,Drama,,,Follows two of America's wealthiest families as they feud for control over their fortune and their children.,https://www.formulatv.com/images/series/posters/1400/1452/dest_3.jpg,42,Dynasty,7.2,5
156,Canada,AmybethMcNulty,GeraldineJames,LucasJadeZumann,Drama,Family,,"The adventures of a young orphan girl living in the early 19th century. Follow Anne as she learns to navigate her new life on Prince Edward Island, in this new take on L.M. Montgomery's classic novels.",https://es.web.img3.acsta.net/pictures/17/04/04/23/18/233693.jpg,44,Anne With An E,8.7,3
157,UK,AlexanderDreymon,ElizaButterworth,ArnasFedaravicuis,Action,Drama,History,"In the year 872, many of the separate kingdoms of what is now England have fallen to the invading Danes, leaving the great kingdom of Wessex standing alone and defiant under the command of King Alfred. Against this turbulent backdrop lives Uhtred. Born to a Saxon nobleman, he is captured by the Danes and raised as one of their own. Forced to choose between his birth country and the people of his upbringing, his loyalties are ever tested. What is he? Saxon or Dane? On a quest to reclaim his birthright, Uhtred must tread a dangerous path between both sides to play his part in the birth of a new nation and--ultimately--recapture his ancestral lands.",https://flxt.tmsimg.com/assets/p12079367_b_v8_an.jpg,55,The Last Kingdom,8.5,5
158,Germany,MaximilianMundt,DaniloKamperidis,LenaKlenke,Comedy,Crime,Drama,"To win back the love of his life, a high school student and his best friend launch Europe's largest online drug business from their teenage bedroom.",https://is2-ssl.mzstatic.com/image/thumb/Music123/v4/a7/a8/c6/a7a8c69e-e8bc-d9f9-50ff-50f4e0397cfd/19UMGIM56150.rgb.jpg/1200x1200bf-60.jpg,36,How to Sell Drugs Online (Fast),7.9,3
159,France,OmarSy,LudivineSagnier,HarvÈPierre,Action,Crime,Drama,"Inspired by the adventures of ArsËne Lupin, gentleman thief Assane Diop sets out to avenge his father for an injustice inflicted by a wealthy family.",https://es.web.img2.acsta.net/pictures/20/12/02/16/26/3665868.jpg,46,Lupin,7.5,2
160,USA,ElliotPage,TomHopper,AidanGallagher,Action,Adventure,Comedy,"On the same day in October 1989, forty-three infants are inexplicably born to random, unconnected women who showed no signs of pregnancy the day before. Seven are adopted by Sir Reginald Hargreeves, a billionaire industrialist, who creates The Umbrella Academy and prepares his ""children"" to save the world. But not everything went according to plan. In their teenage years, the family fractured and the team disbanded. Now almost thirty years old, the six surviving members reunite upon the news of Hargreeves' passing",https://es.web.img3.acsta.net/pictures/18/12/10/14/01/0178829.jpg,50,The Umbrella Academy,8,2
